Logistic Regression,Random Forest,Gradient Boosting (GBM),SVM,KNN,Setting,Dataset
0.4855439642324888,0.4979135618479881,0.43934426229508194,0.42205663189269754,0.5706408345752608,All features,aave.csv
0.47548566142460685,0.5588960838729571,0.45729263028060435,0.4944495837187789,0.4913660191181005,All features,algorand.csv
0.5904203323558163,0.5518084066471163,0.47702834799608995,0.5102639296187683,0.613880742913001,All features,aptos.csv
0.6538461538461539,0.625,0.532967032967033,0.47390109890109894,0.5782967032967032,All features,arbitrum.csv
0.41698232323232326,0.49337121212121215,0.4756944444444444,0.42708333333333337,0.4805871212121212,All features,avalanche.csv
0.47797619047619044,0.5427083333333333,0.5657738095238095,0.49196428571428574,0.5133928571428571,All features,axie_infinity.csv
0.459735576923077,0.4586838942307692,0.5003004807692308,0.48888221153846145,0.4731069711538462,All features,binance_coin.csv
0.4634873323397914,0.5351713859910582,0.479284649776453,0.5001490312965723,0.4615499254843517,All features,bitcoin.csv
0.5643770443056795,0.44157002676181983,0.5428189116859947,0.5215581326196848,0.42952720785013376,All features,bitcoin_cash.csv
0.4542986425339367,0.5253393665158371,0.43846153846153846,0.4901960784313726,0.5411764705882354,All features,cardano.csv
0.4727383490709717,0.46420956442278405,0.4343588181541274,0.488882120012184,0.5229972586049345,All features,chainlink.csv
0.5168405365126676,0.5193740685543964,0.461698956780924,0.509090909090909,0.5096870342771982,All features,cosmos.csv
0.6180889423076923,0.5608473557692308,0.5279447115384616,0.3898737980769231,0.5782752403846154,All features,decentraland.csv
0.5152337858220211,0.5450980392156863,0.5098039215686275,0.43559577677224737,0.6266968325791855,All features,dogecoin.csv
0.5683257918552036,0.467420814479638,0.5472096530920061,0.4081447963800905,0.555052790346908,All features,eos.csv
0.4481818181818182,0.5975757575757575,0.5078787878787879,0.5,0.5048484848484849,All features,ethereum.csv
0.48090909090909084,0.5581818181818182,0.5327272727272727,0.47909090909090907,0.47984848484848486,All features,fantom.csv
0.535181236673774,0.5170575692963753,0.46329576606762113,0.5220834602497716,0.48294243070362475,All features,filecoin.csv
0.4960606060606061,0.5075757575757576,0.5112121212121212,0.4784848484848485,0.5209090909090909,All features,flow.csv
0.5439068100358423,0.5840800477897252,0.5265830346475507,0.4647550776583035,0.5229988052568698,All features,hedera.csv
0.4709090909090909,0.5509090909090909,0.5003030303030302,0.42424242424242425,0.4951515151515152,All features,immutable.csv
0.5318306427048431,0.5574169966494061,0.5031982942430704,0.4652756625038075,0.5010660980810234,All features,injective.csv
0.48345752608047693,0.44157973174366616,0.449478390461997,0.48375558867362145,0.4885245901639344,All features,internet_computer.csv
0.5996640537513998,0.4832026875699888,0.5436730123180292,0.4462486002239641,0.5307950727883539,All features,kaspa.csv
0.48924731182795694,0.5721326164874552,0.5010454002389486,0.5089605734767025,0.43996415770609326,All features,lido.csv
0.5382099316086828,0.5059470710674994,0.5111507582515611,0.552482902170681,0.5255724055902469,All features,litecoin.csv
0.5684336627732854,0.4968553459119497,0.5335429769392034,0.4387541179994011,0.567684935609464,All features,maker.csv
0.5263644773358002,0.49568300955905026,0.46561825470243606,0.5251310514955289,0.4761023743447425,All features,near.csv
0.46827651515151514,0.5082859848484849,0.5160984848484849,0.42613636363636354,0.525094696969697,All features,optimism.csv
0.9393939393939394,0.9696969696969697,0.3787878787878788,0.5606060606060606,0.7196969696969697,All features,pepe.csv
0.4980533093740641,0.5384845762204252,0.5160227613057802,0.46196466007786763,0.45837076969152446,All features,polkadot.csv
0.5330528846153847,0.5961538461538461,0.5417668269230769,0.5336538461538461,0.5256911057692308,All features,polygon.csv
0.38793363499245853,0.40512820512820513,0.4684766214177979,0.4838612368024133,0.4401206636500754,All features,render.csv
0.5630428271937705,0.5414794848757113,0.5926924228811021,0.4402515723270439,0.559748427672956,All features,sandbox.csv
0.7141509433962264,0.5226415094339623,0.4867924528301887,0.4537735849056604,0.5339622641509434,All features,shiba_inu.csv
0.526284348864994,0.4752090800477897,0.5300179211469533,0.474910394265233,0.5631720430107526,All features,solana.csv
0.5050595238095238,0.40327380952380953,0.506547619047619,0.534375,0.4845238095238095,All features,stacks.csv
0.5530776092774309,0.5407374368123699,0.5084745762711864,0.5069878085043116,0.5426702349093071,All features,stellar.csv
0.7287581699346405,0.8284313725490196,0.5620915032679739,0.36601307189542487,0.607843137254902,All features,sui.csv
0.5800595238095239,0.6282738095238095,0.5979166666666668,0.6625,0.46116071428571426,All features,tether.csv
0.5036363636363635,0.6421212121212121,0.5703030303030303,0.48636363636363633,0.5274242424242425,All features,tezos.csv
0.49641577060931896,0.6003584229390682,0.49193548387096775,0.5256869772998806,0.46415770609319,All features,theta.csv
0.775,0.675,0.7166666666666666,0.19999999999999998,0.7083333333333335,All features,the_graph.csv
0.5179898899791853,0.5153137079988106,0.55961938745168,0.5093666369313113,0.4796312815938151,All features,toncoin.csv
0.598345588235294,0.5404411764705882,0.5196078431372549,0.44883578431372545,0.5442708333333334,All features,tron.csv
0.5013380909901873,0.5211121022896223,0.49970264644662504,0.527802557240559,0.4748736247398156,All features,uniswap.csv
0.4447439353099731,0.7353998203054808,0.7097933513027852,0.4728960766696616,0.3999700509134472,All features,usd_coin.csv
0.4188701923076923,0.4378004807692308,0.4884314903846154,0.4666466346153846,0.4822716346153846,All features,vechain.csv
0.4467261904761905,0.45848214285714284,0.487202380952381,0.47619047619047616,0.5348214285714286,All features,xrp.csv
0.4846497764530551,0.5,0.4986587183308495,0.42295081967213116,0.5692995529061102,W/o Close,aave.csv
0.47641073080481033,0.5646006783842121,0.49460376194881284,0.492445266728338,0.48781991982732037,W/o Close,algorand.csv
0.573802541544477,0.5747800586510263,0.436950146627566,0.5073313782991202,0.6143695014662757,W/o Close,aptos.csv
0.6043956043956044,0.625,0.6510989010989011,0.4642857142857143,0.5604395604395604,W/o Close,arbitrum.csv
0.41761363636363635,0.48832070707070707,0.5003156565656566,0.42866161616161613,0.4829545454545454,W/o Close,avalanche.csv
0.4770833333333333,0.4854166666666667,0.5071428571428571,0.49196428571428574,0.5072916666666667,W/o Close,axie_infinity.csv
0.45823317307692313,0.4110576923076923,0.4894831730769231,0.48768028846153844,0.4777644230769231,W/o Close,binance_coin.csv
0.4611028315946349,0.5411326378539493,0.5040238450074516,0.5397913561847989,0.45424739195231006,W/o Close,bitcoin.csv
0.5625929229854296,0.5040142729705621,0.5459411239964318,0.49836455545643776,0.4513826940231936,W/o Close,bitcoin_cash.csv
0.4542986425339367,0.49653092006033184,0.45369532428355963,0.4911010558069382,0.5434389140271494,W/o Close,cardano.csv
0.47121535181236673,0.47761194029850745,0.4779165397502285,0.5102040816326531,0.5167529698446542,W/o Close,chainlink.csv
0.5141579731743666,0.4819672131147541,0.4239940387481371,0.5102831594634873,0.5038748137108793,W/o Close,cosmos.csv
0.619891826923077,0.5314002403846153,0.5144230769230769,0.6104266826923077,0.5821814903846154,W/o Close,decentraland.csv
0.5143288084464555,0.5233785822021116,0.503921568627451,0.4307692307692308,0.6244343891402715,W/o Close,dogecoin.csv
0.5653092006033182,0.5475113122171946,0.5236802413273002,0.5969834087481146,0.5514328808446456,W/o Close,eos.csv
0.4512121212121212,0.5365151515151515,0.52,0.5206060606060606,0.5231818181818182,W/o Close,ethereum.csv
0.4815151515151515,0.5530303030303031,0.5331818181818182,0.4763636363636364,0.4821212121212122,W/o Close,fantom.csv
0.5324398416082851,0.4929942126104173,0.4255254340542187,0.5229972586049345,0.49086201644837046,W/o Close,filecoin.csv
0.4954545454545454,0.5421212121212121,0.46878787878787875,0.4796969696969697,0.5142424242424243,W/o Close,flow.csv
0.5454002389486261,0.524641577060932,0.5734767025089605,0.4650537634408602,0.5267323775388291,W/o Close,hedera.csv
0.47303030303030297,0.53,0.5066666666666666,0.4257575757575758,0.49257575757575756,W/o Close,immutable.csv
0.5324398416082851,0.5292415473652148,0.49406031069144074,0.4636003655193421,0.5036551934206518,W/o Close,injective.csv
0.48405365126676597,0.44739195230998513,0.4113263785394933,0.516542473919523,0.4847988077496274,W/o Close,internet_computer.csv
0.6019036954087346,0.4899216125419933,0.5207166853303471,0.44960806270996634,0.48824188129899215,W/o Close,kaspa.csv
0.483273596176822,0.5204599761051374,0.4986559139784947,0.5128434886499402,0.4502688172043011,W/o Close,lido.csv
0.5370205173951829,0.4778471602735653,0.5078798691644365,0.448706512042819,0.5304787392209337,W/o Close,litecoin.csv
0.568733153638814,0.478586403114705,0.5459718478586404,0.4384546271338724,0.5723270440251572,W/o Close,maker.csv
0.5269811902559358,0.48226950354609927,0.5316065371569535,0.5238976256552574,0.4777983348751156,W/o Close,near.csv
0.46638257575757575,0.49976325757575757,0.5037878787878788,0.4275568181818181,0.49976325757575757,W/o Close,optimism.csv
0.9090909090909091,0.9848484848484848,0.3787878787878788,0.5151515151515151,0.7196969696969697,W/o Close,pepe.csv
0.49775381850853545,0.522461814914645,0.5034441449535789,0.45762204252770294,0.4591194968553459,W/o Close,polkadot.csv
0.5303485576923078,0.586688701923077,0.5594951923076923,0.5354567307692307,0.53125,W/o Close,polygon.csv
0.38763197586727,0.42549019607843136,0.4711915535444947,0.4838612368024133,0.4487179487179487,W/o Close,render.csv
0.5627433363282419,0.4721473495058401,0.5654387541179995,0.5600479185384846,0.5720275531596286,W/o Close,sandbox.csv
0.7141509433962264,0.6146226415094339,0.5188679245283019,0.5745283018867925,0.5367924528301887,W/o Close,shiba_inu.csv
0.5244922341696535,0.5669056152927121,0.5185185185185185,0.4752090800477898,0.5531660692951015,W/o Close,solana.csv
0.5053571428571428,0.4342261904761905,0.5351190476190476,0.5235119047619048,0.4714285714285714,W/o Close,stacks.csv
0.5554564377044305,0.4888492417484389,0.5162057686589354,0.5075825156110616,0.5396966993755575,W/o Close,stellar.csv
0.7254901960784313,0.6258169934640523,0.5522875816993464,0.35947712418300654,0.607843137254902,W/o Close,sui.csv
0.5205357142857143,0.577827380952381,0.5616071428571429,0.6598214285714286,0.4592261904761905,W/o Close,tether.csv
0.5003030303030302,0.5607575757575757,0.5824242424242425,0.4360606060606061,0.5345454545454545,W/o Close,tezos.csv
0.4985065710872162,0.5458482676224611,0.4551971326164874,0.47461170848267625,0.46624850657108724,W/o Close,theta.csv
0.75,0.6375,0.7333333333333334,0.19999999999999998,0.6708333333333334,W/o Close,the_graph.csv
0.5135295866785607,0.5471305382099315,0.5248290217068095,0.5108534046981861,0.4779958370502528,W/o Close,toncoin.csv
0.5958946078431372,0.4537377450980392,0.5450367647058824,0.444546568627451,0.5615808823529411,W/o Close,tron.csv
0.5001486767766874,0.520963425512935,0.5310734463276837,0.5275052036871841,0.4818614332441272,W/o Close,uniswap.csv
0.4255765199161426,0.707097933513028,0.6972147349505841,0.4693021862833183,0.3999700509134472,W/o Close,usd_coin.csv
0.41856971153846156,0.46439302884615385,0.4353966346153846,0.46634615384615385,0.4822716346153846,W/o Close,vechain.csv
0.4455357142857143,0.5220238095238094,0.4988095238095238,0.47500000000000003,0.5447916666666666,W/o Close,xrp.csv
0.4852459016393443,0.5284649776453055,0.5022354694485842,0.4248882265275708,0.5688524590163935,W/o High,aave.csv
0.4773358001850138,0.5135676842429849,0.5035460992907801,0.5090965155720013,0.4870490286771508,W/o High,algorand.csv
0.5884652981427174,0.552297165200391,0.44868035190615835,0.5219941348973607,0.6192570869990225,W/o High,aptos.csv
0.6538461538461539,0.625,0.6126373626373627,0.47390109890109894,0.5782967032967032,W/o High,arbitrum.csv
0.41414141414141414,0.5026830808080808,0.4741161616161616,0.4267676767676768,0.4829545454545454,W/o High,avalanche.csv
0.48095238095238096,0.5436011904761905,0.5773809523809524,0.4913690476190476,0.5072916666666667,W/o High,axie_infinity.csv
0.46033653846153844,0.4636418269230769,0.4747596153846154,0.4885817307692307,0.4777644230769231,W/o High,binance_coin.csv
0.4634873323397914,0.5263785394932936,0.49806259314456036,0.5377049180327869,0.4535022354694486,W/o High,bitcoin.csv
0.5640796907523045,0.512042818911686,0.5465358311031817,0.49836455545643776,0.45703241153731794,W/o High,bitcoin_cash.csv
0.4546003016591252,0.4923076923076923,0.48325791855203615,0.4914027149321267,0.5390648567119156,W/o High,cardano.csv
0.47304294852269263,0.49862930246725556,0.47456594578129757,0.510204081632653,0.5167529698446542,W/o High,chainlink.csv
0.5171385991058122,0.5062593144560357,0.4473919523099851,0.5093889716840536,0.5035767511177347,W/o High,cosmos.csv
0.6180889423076923,0.5138221153846153,0.49789663461538464,0.3924278846153847,0.5838341346153847,W/o High,decentraland.csv
0.5161387631975868,0.5745098039215687,0.4832579185520362,0.5,0.6199095022624435,W/o High,dogecoin.csv
0.5683257918552036,0.5266968325791855,0.4835595776772248,0.4027149321266969,0.5514328808446456,W/o High,eos.csv
0.4481818181818182,0.5568181818181818,0.48484848484848486,0.5225757575757575,0.5231818181818182,W/o High,ethereum.csv
0.4793939393939394,0.5572727272727273,0.5272727272727273,0.47727272727272724,0.48075757575757583,W/o High,fantom.csv
0.534572037770332,0.48263783125190374,0.4559853792263174,0.5214742613463296,0.49268961315869636,W/o High,filecoin.csv
0.4954545454545454,0.48833333333333334,0.4587878787878788,0.4784848484848484,0.5142424242424243,W/o High,flow.csv
0.5439068100358423,0.5395758661887694,0.5131421744324971,0.46535244922341695,0.5267323775388291,W/o High,hedera.csv
0.4715151515151515,0.5451515151515152,0.49727272727272726,0.4254545454545454,0.49257575757575756,W/o High,immutable.csv
0.5312214438014011,0.5283277490100518,0.5150776728601888,0.4674078586658544,0.5036551934206518,W/o High,injective.csv
0.4846497764530551,0.43099850968703424,0.4429210134128167,0.49776453055141584,0.4885245901639344,W/o High,internet_computer.csv
0.5996640537513998,0.5274356103023516,0.5291153415453527,0.4540873460246361,0.48824188129899215,W/o High,kaspa.csv
0.490442054958184,0.5421146953405018,0.4879032258064516,0.5180704898446834,0.43996415770609326,W/o High,lido.csv
0.5379125780553078,0.42908117752007136,0.47695509961344046,0.45584299732381806,0.5316681534344336,W/o High,litecoin.csv
0.568733153638814,0.5055405810122791,0.5534591194968554,0.44354597184785866,0.5723270440251572,W/o High,maker.csv
0.5257477644156645,0.5226641998149861,0.4785692260252852,0.5232809127351218,0.4833487511563367,W/o High,near.csv
0.46922348484848486,0.47490530303030304,0.5203598484848485,0.5724431818181818,0.5130208333333334,W/o High,optimism.csv
0.9393939393939394,0.9015151515151515,0.3787878787878788,0.4393939393939394,0.7045454545454545,W/o High,pepe.csv
0.4992512728361785,0.49460916442048514,0.5265049415992813,0.4588200059898173,0.46451033243486073,W/o High,polkadot.csv
0.5336538461538461,0.5791766826923077,0.5677584134615384,0.536358173076923,0.53125,W/o High,polygon.csv
0.38793363499245853,0.467420814479638,0.40995475113122176,0.48401206636500754,0.4438914027149321,W/o High,render.csv
0.5624438454627134,0.47124887690925427,0.5831087151841868,0.5603474094040132,0.5720275531596286,W/o High,sandbox.csv
0.7075471698113207,0.6391509433962264,0.5160377358490567,0.44056603773584907,0.5367924528301887,W/o High,shiba_inu.csv
0.5218040621266428,0.5268817204301076,0.527479091995221,0.4752090800477898,0.5531660692951015,W/o High,solana.csv
0.5053571428571428,0.45654761904761904,0.5098214285714286,0.5297619047619048,0.4772321428571429,W/o High,stacks.csv
0.5539696699375557,0.5515908415105562,0.5252750520368719,0.5060957478441868,0.5322628605411834,W/o High,stellar.csv
0.7287581699346405,0.6290849673202614,0.6535947712418302,0.36601307189542487,0.607843137254902,W/o High,sui.csv
0.5785714285714285,0.6561011904761905,0.6395833333333333,0.6599702380952381,0.46116071428571426,W/o High,tether.csv
0.500909090909091,0.5809090909090909,0.576060606060606,0.4833333333333333,0.5345454545454545,W/o High,tezos.csv
0.4970131421744325,0.5194145758661888,0.48805256869772995,0.4795400238948626,0.46624850657108724,W/o High,theta.csv
0.775,0.6791666666666667,0.7333333333333334,0.19999999999999998,0.6708333333333334,W/o High,the_graph.csv
0.5176925364258103,0.5010407374368123,0.5935176925364258,0.5090692833779363,0.4757656853999406,W/o High,toncoin.csv
0.5989583333333334,0.49892769607843135,0.5128676470588236,0.45557598039215685,0.5566789215686275,W/o High,tron.csv
0.5013380909901873,0.5423728813559322,0.5176925364258104,0.5272078501338091,0.4818614332441272,W/o High,uniswap.csv
0.4462413896376161,0.7313566936208445,0.7020065887990417,0.46600778676250376,0.3999700509134472,W/o High,usd_coin.csv
0.4176682692307693,0.4612379807692308,0.5078125,0.5339543269230769,0.4822716346153846,W/o High,vechain.csv
0.44642857142857145,0.4842261904761905,0.5130952380952382,0.4755952380952381,0.546875,W/o High,xrp.csv
0.4846497764530551,0.5019374068554396,0.4697466467958271,0.424441132637854,0.5603576751117734,W/o Low,aave.csv
0.47702744372494604,0.6006783842121493,0.5158803576934937,0.4921369102682701,0.4870490286771508,W/o Low,algorand.csv
0.5826001955034212,0.5977517106549364,0.47996089931573804,0.5087976539589443,0.6143695014662757,W/o Low,aptos.csv
0.6593406593406593,0.5837912087912088,0.5357142857142857,0.47115384615384615,0.5604395604395604,W/o Low,arbitrum.csv
0.4195075757575758,0.5410353535353535,0.5321969696969697,0.4277146464646464,0.4829545454545454,W/o Low,avalanche.csv
0.47738095238095235,0.5053571428571428,0.574702380952381,0.5083333333333334,0.5127976190476191,W/o Low,axie_infinity.csv
0.4606370192307693,0.5339543269230769,0.5309495192307693,0.48768028846153844,0.47896634615384615,W/o Low,binance_coin.csv
0.46110283159463494,0.46318926974664676,0.4846497764530552,0.5281669150521608,0.46095380029806265,W/o Low,bitcoin.csv
0.5637823371989295,0.4597085935176925,0.4930121914956884,0.4983645554564377,0.45703241153731794,W/o Low,bitcoin_cash.csv
0.45429864253393665,0.4900452488687783,0.45927601809954754,0.49260935143288087,0.5390648567119156,W/o Low,cardano.csv
0.47304294852269263,0.4643618641486445,0.4434968017057569,0.5105086810843741,0.5167529698446542,W/o Low,chainlink.csv
0.513859910581222,0.5120715350223547,0.45007451564828616,0.5108792846497765,0.5058122205663189,W/o Low,cosmos.csv
0.6186899038461539,0.5539362980769231,0.5043569711538461,0.3946814903846154,0.5914963942307693,W/o Low,decentraland.csv
0.5155354449472096,0.5883861236802413,0.48959276018099546,0.43981900452488687,0.6244343891402715,W/o Low,dogecoin.csv
0.5656108597285068,0.5748114630467572,0.5686274509803921,0.4030165912518854,0.5514328808446456,W/o Low,eos.csv
0.4484848484848485,0.5951515151515152,0.5736363636363636,0.5187878787878789,0.5231818181818182,W/o Low,ethereum.csv
0.4812121212121212,0.5125757575757575,0.526060606060606,0.4766666666666667,0.4821212121212122,W/o Low,fantom.csv
0.5321352421565642,0.5048735912275357,0.4511117879987816,0.4766981419433445,0.49268961315869636,W/o Low,filecoin.csv
0.4951515151515151,0.5396969696969697,0.4957575757575757,0.4815151515151515,0.5142424242424243,W/o Low,flow.csv
0.5459976105137396,0.6018518518518519,0.5833333333333334,0.465352449223417,0.5267323775388291,W/o Low,hedera.csv
0.4724242424242424,0.556969696969697,0.5206060606060606,0.4254545454545454,0.49257575757575756,W/o Low,immutable.csv
0.5327444410600061,0.5254340542187024,0.5086810843740481,0.46268656716417916,0.5010660980810234,W/o Low,injective.csv
0.4846497764530551,0.4475409836065574,0.47004470938897175,0.48345752608047693,0.4847988077496274,W/o Low,internet_computer.csv
0.5991041433370661,0.5179171332586786,0.5005599104143338,0.45296752519596867,0.49356103023516235,W/o Low,kaspa.csv
0.4817801672640382,0.5534647550776584,0.4790919952210274,0.51194743130227,0.4502688172043011,W/o Low,lido.csv
0.5379125780553078,0.4608980077311924,0.527802557240559,0.45584299732381806,0.5316681534344336,W/o Low,litecoin.csv
0.5717280622941,0.44579215333932315,0.573225516621743,0.4381551362683438,0.5633423180592991,W/o Low,maker.csv
0.526672833795868,0.5029293863706444,0.47086031452358934,0.5238976256552574,0.4777983348751156,W/o Low,near.csv
0.46354166666666663,0.4656723484848485,0.5042613636363636,0.4251893939393939,0.5130208333333334,W/o Low,optimism.csv
0.9545454545454545,0.8409090909090909,0.3787878787878788,0.4393939393939394,0.7196969696969697,W/o Low,pepe.csv
0.4974543276430069,0.5395327942497754,0.5268044324648098,0.45762204252770294,0.4646600778676251,W/o Low,polkadot.csv
0.5315504807692308,0.5788762019230769,0.5417668269230769,0.5338040865384616,0.5384615384615384,W/o Low,polygon.csv
0.38853695324283566,0.42488687782805434,0.42956259426847665,0.48416289592760187,0.45580693815987927,W/o Low,render.csv
0.5633423180592992,0.5221623240491164,0.5277029050613956,0.5597484276729559,0.5720275531596286,W/o Low,sandbox.csv
0.7141509433962264,0.5976415094339622,0.5113207547169811,0.5207547169811321,0.5367924528301887,W/o Low,shiba_inu.csv
0.5247909199522103,0.5247909199522103,0.5412186379928315,0.474910394265233,0.5531660692951015,W/o Low,solana.csv
0.5035714285714286,0.43675595238095244,0.5074404761904763,0.5375,0.4714285714285714,W/o Low,stacks.csv
0.5530776092774308,0.5312221231043711,0.5049063336306869,0.5075825156110616,0.5359797799583705,W/o Low,stellar.csv
0.7156862745098038,0.5555555555555555,0.6274509803921569,0.36601307189542487,0.607843137254902,W/o Low,sui.csv
0.5773809523809524,0.6385416666666667,0.5860119047619048,0.6605654761904762,0.46116071428571426,W/o Low,tether.csv
0.5003030303030302,0.635,0.5624242424242424,0.44500000000000006,0.5345454545454545,W/o Low,tezos.csv
0.4979091995221028,0.49716248506571087,0.4758064516129032,0.47491039426523296,0.46624850657108724,W/o Low,theta.csv
0.7583333333333333,0.8208333333333333,0.6916666666666667,0.19999999999999998,0.6708333333333334,W/o Low,the_graph.csv
0.5132322331251858,0.5191793041926851,0.6101694915254238,0.5105560511448112,0.484834968777877,W/o Low,toncoin.csv
0.5989583333333334,0.5098039215686274,0.5407475490196079,0.4568014705882353,0.5615808823529411,W/o Low,tron.csv
0.5007433838834374,0.5710674992566162,0.5078798691644365,0.5275052036871841,0.4818614332441272,W/o Low,uniswap.csv
0.44384546271338726,0.7577118897873615,0.7047020065887991,0.4693021862833184,0.3999700509134472,W/o Low,usd_coin.csv
0.41736778846153844,0.4402043269230769,0.43239182692307687,0.5345552884615384,0.4822716346153846,W/o Low,vechain.csv
0.44940476190476186,0.5254464285714286,0.5190476190476191,0.475297619047619,0.5351190476190476,W/o Low,xrp.csv
0.4852459016393442,0.5268256333830104,0.4706408345752608,0.42444113263785394,0.5655737704918032,W/o Open,aave.csv
0.47548566142460685,0.5229725562750539,0.5161887141535615,0.5050878815911194,0.4870490286771508,W/o Open,algorand.csv
0.5865102639296188,0.5654936461388074,0.4965786901270772,0.5219941348973607,0.6143695014662757,W/o Open,aptos.csv
0.6538461538461539,0.717032967032967,0.5412087912087912,0.47390109890109894,0.5782967032967032,W/o Open,arbitrum.csv
0.4166666666666667,0.492739898989899,0.47885101010101006,0.42708333333333337,0.4829545454545454,W/o Open,avalanche.csv
0.4773809523809524,0.5193452380952381,0.5994047619047619,0.5098214285714286,0.5127976190476191,W/o Open,axie_infinity.csv
0.45763221153846156,0.47115384615384615,0.5085637019230769,0.48828125,0.4834735576923077,W/o Open,binance_coin.csv
0.4634873323397914,0.49687034277198217,0.4703427719821162,0.5484351713859911,0.44888226527570796,W/o Open,bitcoin.csv
0.5640796907523045,0.5074338388343741,0.5631876300921795,0.49925661611656263,0.44573297650906935,W/o Open,bitcoin_cash.csv
0.45460030165912524,0.46591251885369533,0.44117647058823534,0.4920060331825038,0.5390648567119156,W/o Open,cardano.csv
0.47151995126408774,0.440755406640268,0.4489795918367347,0.5105086810843741,0.5167529698446542,W/o Open,chainlink.csv
0.5180327868852459,0.5122205663189271,0.4566318926974665,0.5093889716840536,0.509090909090909,W/o Open,cosmos.csv
0.6180889423076923,0.5763221153846154,0.4846754807692308,0.390625,0.5969050480769231,W/o Open,decentraland.csv
0.5155354449472097,0.5677224736048265,0.5051282051282051,0.436500754147813,0.6244343891402715,W/o Open,dogecoin.csv
0.5677224736048265,0.5212669683257919,0.5158371040723982,0.40241327300150836,0.5514328808446456,W/o Open,eos.csv
0.4478787878787878,0.5598484848484848,0.49454545454545457,0.49484848484848487,0.5257575757575758,W/o Open,ethereum.csv
0.48181818181818176,0.5490909090909092,0.5586363636363637,0.476969696969697,0.48075757575757583,W/o Open,fantom.csv
0.534876637222053,0.5121839780688395,0.45324398416082856,0.5220834602497716,0.49268961315869636,W/o Open,filecoin.csv
0.49484848484848476,0.5427272727272727,0.4824242424242424,0.483030303030303,0.5142424242424243,W/o Open,flow.csv
0.5454002389486261,0.5531660692951016,0.5612305854241337,0.46535244922341695,0.5267323775388291,W/o Open,hedera.csv
0.4724242424242424,0.535,0.4672727272727273,0.4254545454545454,0.4951515151515152,W/o Open,immutable.csv
0.5333536399634482,0.5286323484617728,0.5059396893085593,0.4626865671641791,0.4977155041120926,W/o Open,injective.csv
0.4834575260804769,0.4377049180327869,0.46318926974664687,0.48345752608047693,0.4847988077496274,W/o Open,internet_computer.csv
0.5991041433370661,0.534434490481523,0.5106382978723405,0.4473684210526316,0.5120380739081747,W/o Open,kaspa.csv
0.4877538829151732,0.4917861409796894,0.4926821983273596,0.513142174432497,0.4463859020310633,W/o Open,lido.csv
0.5388046387154326,0.444097531965507,0.5081772227178115,0.45584299732381806,0.5316681534344336,W/o Open,litecoin.csv
0.567235699311171,0.5056903264450434,0.5363881401617252,0.4381551362683438,0.5691823899371069,W/o Open,maker.csv
0.5257477644156645,0.5175763182238667,0.5100215849522047,0.5235892691951897,0.4833487511563367,W/o Open,near.csv
0.46875,0.5267518939393939,0.5303030303030303,0.5724431818181818,0.5130208333333334,W/o Open,optimism.csv
0.9393939393939394,0.9696969696969697,0.3787878787878788,0.45454545454545453,0.7045454545454545,W/o Open,pepe.csv
0.4980533093740641,0.5485175202156334,0.5025456723569931,0.45762204252770294,0.4588200059898173,W/o Open,polkadot.csv
0.5330528846153846,0.5549879807692308,0.5270432692307693,0.5360576923076923,0.53125,W/o Open,polygon.csv
0.38702865761689287,0.4505279034690799,0.47647058823529415,0.48386123680241333,0.4487179487179487,W/o Open,render.csv
0.562743336328242,0.5625935908954777,0.5849056603773585,0.44863731656184486,0.5720275531596286,W/o Open,sandbox.csv
0.7122641509433962,0.5617924528301887,0.4990566037735849,0.46226415094339623,0.5367924528301887,W/o Open,shiba_inu.csv
0.5271804062126643,0.5388291517323776,0.46415770609318996,0.4752090800477898,0.5413679808841099,W/o Open,solana.csv
0.5026785714285714,0.43184523809523806,0.5467261904761905,0.5136904761904763,0.4714285714285714,W/o Open,stacks.csv
0.5515908415105562,0.5786500148676776,0.524680344930122,0.5069878085043116,0.5206660719595599,W/o Open,stellar.csv
0.7287581699346405,0.6290849673202614,0.607843137254902,0.36274509803921573,0.607843137254902,W/o Open,sui.csv
0.5821428571428571,0.6540178571428571,0.6011904761904762,0.6601190476190477,0.4653273809523809,W/o Open,tether.csv
0.5009090909090909,0.5974242424242424,0.563030303030303,0.44500000000000006,0.5345454545454545,W/o Open,tezos.csv
0.49611708482676226,0.4919354838709677,0.4778972520908005,0.47491039426523296,0.46624850657108724,W/o Open,theta.csv
0.7833333333333332,0.65,0.7416666666666666,0.19999999999999998,0.6708333333333334,W/o Open,the_graph.csv
0.5188819506393101,0.4970264644662504,0.5423728813559322,0.5,0.484834968777877,W/o Open,toncoin.csv
0.6014093137254902,0.5102634803921569,0.5563725490196079,0.44577205882352944,0.5637254901960784,W/o Open,tron.csv
0.5010407374368123,0.5462384775498067,0.46937258400237886,0.472197442759441,0.4818614332441272,W/o Open,uniswap.csv
0.4447439353099731,0.7306079664570232,0.7283617849655585,0.46795447738843965,0.3999700509134472,W/o Open,usd_coin.csv
0.4191706730769231,0.481670673076923,0.45072115384615385,0.5345552884615384,0.4822716346153846,W/o Open,vechain.csv
0.44375,0.49226190476190473,0.4895833333333333,0.4752976190476191,0.5398809523809524,W/o Open,xrp.csv
0.4858420268256335,0.47839046199701935,0.4971684053651268,0.4251862891207154,0.5706408345752608,W/o Volume,aave.csv
0.4745605920444033,0.5539623805118717,0.5229725562750539,0.4918285538082023,0.4913660191181005,W/o Volume,algorand.csv
0.5904203323558163,0.5786901270772239,0.4291300097751711,0.5219941348973607,0.6241446725317693,W/o Volume,aptos.csv
0.6483516483516484,0.6717032967032968,0.532967032967033,0.39560439560439553,0.5782967032967032,W/o Volume,arbitrum.csv
0.3939393939393939,0.47316919191919193,0.44791666666666663,0.42803030303030304,0.46559343434343436,W/o Volume,avalanche.csv
0.4752976190476191,0.5593750000000001,0.5380952380952381,0.5086309523809525,0.5066964285714286,W/o Volume,axie_infinity.csv
0.46153846153846156,0.44140624999999994,0.45643028846153844,0.487079326923077,0.46965144230769235,W/o Volume,binance_coin.csv
0.4619970193740686,0.4773472429210134,0.4825633383010433,0.5,0.4870342771982116,W/o Volume,bitcoin.csv
0.5655664585191793,0.44097531965506986,0.5825156110615523,0.5007433838834374,0.45376152245019336,W/o Volume,bitcoin_cash.csv
0.45580693815987944,0.4900452488687783,0.44992458521870293,0.49260935143288087,0.5411764705882354,W/o Volume,cardano.csv
0.47273834907097173,0.4625342674383187,0.4489795918367347,0.510813280536095,0.5292415473652148,W/o Volume,chainlink.csv
0.521311475409836,0.5941877794336811,0.4587183308494784,0.5104321907600597,0.5038748137108793,W/o Volume,cosmos.csv
0.6192908653846154,0.5216346153846154,0.5594951923076923,0.3903245192307693,0.5778245192307693,W/o Volume,decentraland.csv
0.5152337858220212,0.5745098039215687,0.5066365007541478,0.43529411764705883,0.6266968325791855,W/o Volume,dogecoin.csv
0.5622926093514329,0.5567119155354449,0.539366515837104,0.4081447963800905,0.555052790346908,W/o Volume,eos.csv
0.45,0.5875757575757575,0.4096969696969697,0.5227272727272727,0.5346969696969697,W/o Volume,ethereum.csv
0.4815151515151515,0.5262121212121212,0.5281818181818182,0.5233333333333333,0.48590909090909096,W/o Volume,fantom.csv
0.5330490405117272,0.5155345720377703,0.4556807797745965,0.5236064575083765,0.4887298202863235,W/o Volume,filecoin.csv
0.5081818181818182,0.543939393939394,0.47030303030303033,0.47727272727272724,0.5206060606060605,W/o Volume,flow.csv
0.5343488649940263,0.5828853046594983,0.5827359617682198,0.53584229390681,0.5129928315412187,W/o Volume,hedera.csv
0.47333333333333333,0.5890909090909091,0.5203030303030303,0.42484848484848486,0.5045454545454545,W/o Volume,immutable.csv
0.5370088333840999,0.5265001522997259,0.510508681084374,0.5370088333840999,0.5010660980810234,W/o Volume,injective.csv
0.4828614008941878,0.4126676602086438,0.4667660208643815,0.48345752608047693,0.48405365126676597,W/o Volume,internet_computer.csv
0.5884658454647256,0.5137178051511759,0.49608062709966405,0.4518477043673012,0.5212765957446809,W/o Volume,kaspa.csv
0.48685782556750296,0.5845280764635603,0.49731182795698925,0.515531660692951,0.46356033452807655,W/o Volume,lido.csv
0.5393993458221826,0.44365150163544453,0.4733868569729408,0.552482902170681,0.5255724055902469,W/o Volume,litecoin.csv
0.5690326445043427,0.5305480682839174,0.5678346810422282,0.43890386343216536,0.567684935609464,W/o Volume,maker.csv
0.5257477644156645,0.4805735430157262,0.4912118408880666,0.5245143385753932,0.48874498920752385,W/o Volume,near.csv
0.4810606060606061,0.46164772727272724,0.5355113636363638,0.42708333333333337,0.5184659090909091,W/o Volume,optimism.csv
0.8939393939393939,0.7727272727272727,0.7575757575757576,0.4393939393939394,0.7196969696969697,W/o Volume,pepe.csv
0.4941599281221922,0.5293501048218029,0.5085354896675651,0.4573225516621743,0.45837076969152446,W/o Volume,polkadot.csv
0.5201322115384616,0.6353665865384616,0.5748197115384616,0.5453725961538461,0.5336538461538463,W/o Volume,polygon.csv
0.3939668174962293,0.4313725490196078,0.4232277526395174,0.48355957767722474,0.44283559577677223,W/o Volume,render.csv
0.5636418089248277,0.5823599880203654,0.5426774483378257,0.55675351901767,0.5639412997903565,W/o Volume,sandbox.csv
0.7122641509433962,0.6188679245283017,0.4660377358490566,0.41226415094339625,0.5339622641509434,W/o Volume,shiba_inu.csv
0.522700119474313,0.5267323775388291,0.498805256869773,0.4740143369175628,0.5539127837514934,W/o Volume,solana.csv
0.5038690476190476,0.39047619047619053,0.48809523809523814,0.5238095238095237,0.47901785714285716,W/o Volume,stacks.csv
0.5527802557240559,0.535236396074933,0.5396966993755575,0.5057983942908117,0.547279214986619,W/o Volume,stellar.csv
0.7287581699346406,0.6977124183006536,0.5098039215686274,0.36601307189542487,0.607843137254902,W/o Volume,sui.csv
0.5767857142857142,0.5842261904761904,0.611904761904762,0.6604166666666667,0.4636904761904762,W/o Volume,tether.csv
0.5018181818181818,0.5774242424242424,0.5742424242424242,0.48,0.5274242424242425,W/o Volume,tezos.csv
0.4955197132616488,0.5276284348864994,0.5032855436081243,0.4755077658303465,0.4586320191158901,W/o Volume,theta.csv
0.8083333333333333,0.7125,0.7333333333333334,0.19999999999999996,0.6708333333333334,W/o Volume,the_graph.csv
0.5191793041926851,0.5419268510258698,0.5617008623253048,0.5150163544454357,0.4973238180196254,W/o Volume,toncoin.csv
0.5968137254901961,0.4924938725490196,0.5526960784313726,0.4540441176470588,0.5427389705882353,W/o Volume,tron.csv
0.5004460303300624,0.5377639012786203,0.5090692833779364,0.5280999107939339,0.47427891763306573,W/o Volume,uniswap.csv
0.44564240790655885,0.7337526205450734,0.7247678945792154,0.46600778676250376,0.3999700509134472,W/o Volume,usd_coin.csv
0.4188701923076923,0.5307992788461537,0.4381009615384615,0.5342548076923077,0.47611177884615385,W/o Volume,vechain.csv
0.4452380952380952,0.5333333333333333,0.48869047619047623,0.5241071428571429,0.5291666666666666,W/o Volume,xrp.csv
0.5189269746646796,0.5192250372578242,0.48345752608047693,0.422354694485842,0.5824143070044709,W/o sentiment_score_mean,aave.csv
0.48165279062596356,0.47856922602528523,0.48319457292630286,0.5066296638914585,0.4833487511563368,W/o sentiment_score_mean,algorand.csv
0.581622678396872,0.586021505376344,0.4359726295210166,0.4545454545454545,0.6050830889540566,W/o sentiment_score_mean,aptos.csv
0.6565934065934066,0.7541208791208791,0.5659340659340659,0.46703296703296704,0.532967032967033,W/o sentiment_score_mean,arbitrum.csv
0.4384469696969697,0.4575441919191919,0.4786931818181818,0.4251893939393939,0.46811868686868685,W/o sentiment_score_mean,avalanche.csv
0.49732142857142864,0.5174107142857143,0.5547619047619048,0.5101190476190477,0.5318452380952381,W/o sentiment_score_mean,axie_infinity.csv
0.4786658653846154,0.46664663461538464,0.5608473557692307,0.4933894230769231,0.5222355769230769,W/o sentiment_score_mean,binance_coin.csv
0.4923994038748138,0.543070044709389,0.4998509687034277,0.503725782414307,0.48792846497764536,W/o sentiment_score_mean,bitcoin.csv
0.5807314897413024,0.4980672019030628,0.5768658935474279,0.5022301516503123,0.4180790960451978,W/o sentiment_score_mean,bitcoin_cash.csv
0.4766214177978884,0.5312217194570136,0.4200603318250377,0.4920060331825038,0.5417797888386123,W/o sentiment_score_mean,cardano.csv
0.5092902832774902,0.5068534876637222,0.439232409381663,0.5126408772464209,0.5635089856838258,W/o sentiment_score_mean,chainlink.csv
0.5394932935916542,0.48897168405365127,0.4332339791356185,0.5081967213114754,0.535618479880775,W/o sentiment_score_mean,cosmos.csv
0.625,0.5228365384615385,0.5426682692307693,0.3912259615384615,0.5841346153846153,W/o sentiment_score_mean,decentraland.csv
0.5230769230769231,0.5472096530920061,0.4948717948717949,0.5,0.610105580693816,W/o sentiment_score_mean,dogecoin.csv
0.5870286576168929,0.5472096530920061,0.5215686274509804,0.5963800904977375,0.5372549019607844,W/o sentiment_score_mean,eos.csv
0.48181818181818187,0.5453030303030304,0.5266666666666666,0.5178787878787878,0.519090909090909,W/o sentiment_score_mean,ethereum.csv
0.5333333333333333,0.5472727272727274,0.519090909090909,0.4757575757575757,0.49939393939393945,W/o sentiment_score_mean,fantom.csv
0.557721596101127,0.4466950959488273,0.44380140115747796,0.5178190679256778,0.46451416387450506,W/o sentiment_score_mean,filecoin.csv
0.5003030303030302,0.49484848484848487,0.44242424242424244,0.47757575757575754,0.5392424242424242,W/o sentiment_score_mean,flow.csv
0.5480884109916369,0.5456989247311828,0.5615292712066906,0.46505376344086025,0.5234468339307049,W/o sentiment_score_mean,hedera.csv
0.4778787878787879,0.5736363636363636,0.48893939393939395,0.4224242424242424,0.532878787878788,W/o sentiment_score_mean,immutable.csv
0.5318306427048431,0.5424916235150776,0.5123362777946999,0.46558026195552843,0.4986293024672555,W/o sentiment_score_mean,injective.csv
0.4557377049180328,0.4865871833084948,0.47391952309985097,0.4906110283159464,0.4786885245901639,W/o sentiment_score_mean,internet_computer.csv
0.5968645016797313,0.5683090705487122,0.5232362821948487,0.44680851063829785,0.5307950727883539,W/o sentiment_score_mean,kaspa.csv
0.5104540023894863,0.5548088410991636,0.4743130227001195,0.516726403823178,0.43996415770609326,W/o sentiment_score_mean,lido.csv
0.552482902170681,0.508028545941124,0.47279214986619095,0.552185548617306,0.504014272970562,W/o sentiment_score_mean,litecoin.csv
0.5729260257562144,0.4727463312368973,0.551811919736448,0.4378556454028153,0.5911949685534592,W/o sentiment_score_mean,maker.csv
0.53068146777675,0.46931853222325004,0.4862781375269812,0.5251310514955287,0.4716312056737588,W/o sentiment_score_mean,near.csv
0.46164772727272724,0.47632575757575757,0.548058712121212,0.571969696969697,0.5158617424242424,W/o sentiment_score_mean,optimism.csv
0.9545454545454545,0.9166666666666666,0.3787878787878788,0.45454545454545453,0.7196969696969697,W/o sentiment_score_mean,pepe.csv
0.5025456723569931,0.5226115603474093,0.5265049415992812,0.5417789757412399,0.49685534591194963,W/o sentiment_score_mean,polkadot.csv
0.5408653846153846,0.5833834134615384,0.5631009615384617,0.5408653846153846,0.5350060096153846,W/o sentiment_score_mean,polygon.csv
0.40633484162895933,0.4600301659125189,0.45641025641025645,0.5149321266968326,0.45082956259426854,W/o sentiment_score_mean,render.csv
0.5417789757412399,0.5025456723569931,0.5654387541179994,0.5543575920934412,0.564240790655885,W/o sentiment_score_mean,sandbox.csv
0.7150943396226415,0.5575471698113208,0.48962264150943396,0.4877358490566038,0.4990566037735849,W/o sentiment_score_mean,shiba_inu.csv
0.543010752688172,0.5479390681003585,0.5461469534050178,0.474910394265233,0.5739247311827957,W/o sentiment_score_mean,solana.csv
0.5157738095238095,0.3822916666666667,0.49315476190476193,0.5147321428571429,0.515922619047619,W/o sentiment_score_mean,stacks.csv
0.5453464168896818,0.5276538804638715,0.48795718108831404,0.5087719298245614,0.5493606898602438,W/o sentiment_score_mean,stellar.csv
0.7222222222222223,0.6601307189542484,0.5065359477124183,0.36274509803921573,0.607843137254902,W/o sentiment_score_mean,sui.csv
0.5901785714285714,0.6379464285714285,0.5845238095238094,0.6656250000000001,0.4580357142857142,W/o sentiment_score_mean,tether.csv
0.56,0.5951515151515152,0.5163636363636364,0.48,0.5206060606060606,W/o sentiment_score_mean,tezos.csv
0.501194743130227,0.5234468339307049,0.41875746714456397,0.47924133811230585,0.4893966547192353,W/o sentiment_score_mean,theta.csv
0.7666666666666666,0.6083333333333334,0.7166666666666667,0.2125,0.6708333333333334,W/o sentiment_score_mean,the_graph.csv
0.5450490633363069,0.5306274159976211,0.6190900981266726,0.5043116265239369,0.4577757954207552,W/o sentiment_score_mean,toncoin.csv
0.6109068627450981,0.48253676470588236,0.5042892156862746,0.43443627450980393,0.5315563725490197,W/o sentiment_score_mean,tron.csv
0.5055010407374367,0.571662206363366,0.5393993458221826,0.5295866785608088,0.49791852512637536,W/o sentiment_score_mean,uniswap.csv
0.5333932315064391,0.7397424378556454,0.7448337825696316,0.4399520814615154,0.4610661874812819,W/o sentiment_score_mean,usd_coin.csv
0.43960336538461536,0.46424278846153844,0.453125,0.5348557692307693,0.4568810096153846,W/o sentiment_score_mean,vechain.csv
0.46011904761904765,0.49449404761904764,0.5113095238095239,0.4764880952380952,0.5434523809523809,W/o sentiment_score_mean,xrp.csv
0.4870342771982116,0.5233979135618481,0.5162444113263785,0.4238450074515649,0.5724292101341282,W/o sentiment_polarity_mean,aave.csv
0.47641073080481033,0.5215849522047488,0.5365402405180388,0.49121184088806663,0.4962997224791859,W/o sentiment_polarity_mean,algorand.csv
0.5904203323558163,0.5635386119257086,0.447702834799609,0.5210166177908113,0.6050830889540567,W/o sentiment_polarity_mean,aptos.csv
0.6538461538461539,0.635989010989011,0.5741758241758242,0.46153846153846156,0.5467032967032968,W/o sentiment_polarity_mean,arbitrum.csv
0.4191919191919192,0.5287247474747474,0.47711489898989895,0.42708333333333337,0.4805871212121212,W/o sentiment_polarity_mean,avalanche.csv
0.47738095238095235,0.5355654761904761,0.5333333333333333,0.4922619047619048,0.5133928571428571,W/o sentiment_polarity_mean,axie_infinity.csv
0.4591346153846154,0.48828125,0.48933293269230765,0.48737980769230765,0.48437500000000006,W/o sentiment_polarity_mean,binance_coin.csv
0.4587183308494784,0.4226527570789866,0.4994038748137109,0.518628912071535,0.47466467958271236,W/o sentiment_polarity_mean,bitcoin.csv
0.5646743978590545,0.5506987808504311,0.5373178709485578,0.49866190900981266,0.4351769253642581,W/o sentiment_polarity_mean,bitcoin_cash.csv
0.4549019607843138,0.5229260935143288,0.42624434389140275,0.4929110105580694,0.5417797888386124,W/o sentiment_polarity_mean,cardano.csv
0.4724337496192507,0.4713676515382272,0.45659457812975934,0.48857752056046294,0.5280231495583307,W/o sentiment_polarity_mean,chainlink.csv
0.5177347242921013,0.47645305514157976,0.43517138599105815,0.5096870342771982,0.5096870342771982,W/o sentiment_polarity_mean,cosmos.csv
0.6198918269230769,0.4969951923076923,0.48437499999999994,0.6084735576923077,0.574969951923077,W/o sentiment_polarity_mean,decentraland.csv
0.5158371040723982,0.5313725490196078,0.5357466063348416,0.4358974358974359,0.62473604826546,W/o sentiment_polarity_mean,dogecoin.csv
0.5686274509803921,0.5190045248868779,0.5143288084464556,0.5975867269984917,0.555052790346908,W/o sentiment_polarity_mean,eos.csv
0.4487878787878788,0.587121212121212,0.5351515151515152,0.5,0.5251515151515151,W/o sentiment_polarity_mean,ethereum.csv
0.4821212121212122,0.5310606060606061,0.526969696969697,0.47757575757575754,0.4774242424242425,W/o sentiment_polarity_mean,fantom.csv
0.5324398416082852,0.5097471824550716,0.4575083764849224,0.5214742613463295,0.4867499238501371,W/o sentiment_polarity_mean,filecoin.csv
0.49606060606060604,0.6084848484848484,0.4951515151515151,0.4806060606060606,0.5136363636363636,W/o sentiment_polarity_mean,flow.csv
0.5439068100358423,0.5343488649940262,0.527479091995221,0.46609916367980886,0.5168757467144565,W/o sentiment_polarity_mean,hedera.csv
0.4690909090909091,0.5287878787878788,0.48681818181818176,0.42272727272727273,0.4951515151515151,W/o sentiment_polarity_mean,immutable.csv
0.5324398416082852,0.53396283886689,0.5217788607980506,0.5385318306427049,0.5010660980810234,W/o sentiment_polarity_mean,injective.csv
0.4837555886736214,0.43755588673621454,0.4666169895678093,0.4831594634873323,0.49150521609538,W/o sentiment_polarity_mean,internet_computer.csv
0.6007838745800671,0.49384098544232924,0.49608062709966405,0.4512877939529675,0.5313549832026876,W/o sentiment_polarity_mean,kaspa.csv
0.48894862604540024,0.6181302270011948,0.5043309438470729,0.5116487455197133,0.43996415770609326,W/o sentiment_polarity_mean,lido.csv
0.5402914064823074,0.43606898602438304,0.5150163544454357,0.5518881950639309,0.5356824264049956,W/o sentiment_polarity_mean,litecoin.csv
0.5681341719077568,0.46196466007786763,0.5357891584306679,0.4387541179994011,0.5678346810422282,W/o sentiment_polarity_mean,maker.csv
0.5245143385753931,0.49152019734813446,0.48967005858772744,0.524822695035461,0.4750231267345051,W/o sentiment_polarity_mean,near.csv
0.46875,0.5357481060606061,0.5892518939393939,0.4273200757575758,0.5182291666666667,W/o sentiment_polarity_mean,optimism.csv
0.9545454545454545,0.9545454545454546,0.9545454545454545,0.5454545454545454,0.7196969696969697,W/o sentiment_polarity_mean,pepe.csv
0.4980533093740641,0.5321952680443246,0.5247079964061095,0.4613656783468104,0.45837076969152446,W/o sentiment_polarity_mean,polkadot.csv
0.5330528846153846,0.6044170673076923,0.5853365384615384,0.5357572115384616,0.5177283653846154,W/o sentiment_polarity_mean,polygon.csv
0.38853695324283566,0.4422322775263952,0.4536953242835596,0.4838612368024133,0.43710407239819005,W/o sentiment_polarity_mean,render.csv
0.5618448637316562,0.5519616651692124,0.5489667565139263,0.4486373165618448,0.5558550464210841,W/o sentiment_polarity_mean,sandbox.csv
0.7122641509433962,0.6268867924528302,0.5396226415094341,0.5735849056603773,0.5311320754716982,W/o sentiment_polarity_mean,shiba_inu.csv
0.5206093189964157,0.5740740740740742,0.525089605734767,0.47550776583034654,0.5682497013142174,W/o sentiment_polarity_mean,solana.csv
0.5041666666666667,0.415625,0.4877976190476191,0.5229166666666667,0.4787202380952381,W/o sentiment_polarity_mean,stacks.csv
0.552482902170681,0.5713648528099912,0.5248290217068093,0.5069878085043116,0.5472792149866191,W/o sentiment_polarity_mean,stellar.csv
0.7287581699346405,0.665032679738562,0.7026143790849673,0.36601307189542487,0.607843137254902,W/o sentiment_polarity_mean,sui.csv
0.5770833333333333,0.6666666666666667,0.5773809523809524,0.34791666666666665,0.46651785714285715,W/o sentiment_polarity_mean,tether.csv
0.5136363636363637,0.5422727272727272,0.48848484848484847,0.4803030303030303,0.5301515151515152,W/o sentiment_polarity_mean,tezos.csv
0.4967144563918758,0.5480884109916367,0.5074671445639188,0.5240442054958184,0.47625448028673834,W/o sentiment_polarity_mean,theta.csv
0.775,0.7374999999999999,0.7083333333333333,0.19999999999999998,0.7083333333333335,W/o sentiment_polarity_mean,the_graph.csv
0.5170978293190605,0.5484686292001191,0.5649717514124294,0.5078798691644365,0.48186143324412734,W/o sentiment_polarity_mean,toncoin.csv
0.5968137254901961,0.5108762254901961,0.5193014705882353,0.45925245098039214,0.5442708333333334,W/o sentiment_polarity_mean,tron.csv
0.4992566161165626,0.5454950936663694,0.5162057686589355,0.5269104965804342,0.49449895926256315,W/o sentiment_polarity_mean,uniswap.csv
0.4468403713686733,0.7171308775082359,0.710691823899371,0.5226115603474094,0.37975441749026656,W/o sentiment_polarity_mean,usd_coin.csv
0.41796874999999994,0.46063701923076916,0.4400540865384616,0.5342548076923077,0.4822716346153846,W/o sentiment_polarity_mean,vechain.csv
0.4479166666666667,0.4641369047619048,0.49196428571428574,0.47619047619047616,0.5369047619047619,W/o sentiment_polarity_mean,xrp.csv
0.4852459016393443,0.5388971684053652,0.48375558867362145,0.4241430700447094,0.5682563338301043,W/o sentiment_subjectivity_mean,aave.csv
0.4727104532839963,0.4791859389454209,0.4671600370027752,0.4933703361085414,0.4913660191181005,W/o sentiment_subjectivity_mean,algorand.csv
0.5777126099706744,0.678396871945259,0.46920821114369504,0.5180840664711632,0.6050830889540567,W/o sentiment_subjectivity_mean,aptos.csv
0.6483516483516484,0.6648351648351648,0.5357142857142857,0.46153846153846156,0.5782967032967032,W/o sentiment_subjectivity_mean,arbitrum.csv
0.39109848484848486,0.4666982323232323,0.4461805555555556,0.42708333333333337,0.4788510101010101,W/o sentiment_subjectivity_mean,avalanche.csv
0.4726190476190476,0.5055059523809524,0.571577380952381,0.5077380952380952,0.5078869047619048,W/o sentiment_subjectivity_mean,axie_infinity.csv
0.4606370192307692,0.5294471153846154,0.5396634615384616,0.4876802884615384,0.48692908653846156,W/o sentiment_subjectivity_mean,binance_coin.csv
0.4682563338301044,0.5016393442622951,0.49806259314456036,0.5377049180327869,0.4615499254843517,W/o sentiment_subjectivity_mean,bitcoin.csv
0.5634849836455545,0.4723461195361285,0.48290217068093966,0.4980672019030628,0.432352066607196,W/o sentiment_subjectivity_mean,bitcoin_cash.csv
0.47450980392156866,0.5043740573152338,0.46681749622926094,0.489894419306184,0.5378582202111615,W/o sentiment_subjectivity_mean,cardano.csv
0.4715199512640877,0.45659457812975934,0.44136460554371,0.49040511727078895,0.5162960706670728,W/o sentiment_subjectivity_mean,chainlink.csv
0.5177347242921013,0.5169895678092399,0.45842026825633386,0.5087928464977645,0.5172876304023846,W/o sentiment_subjectivity_mean,cosmos.csv
0.6177884615384616,0.5390625,0.551983173076923,0.390625,0.5790264423076923,W/o sentiment_subjectivity_mean,decentraland.csv
0.5125188536953244,0.5383107088989443,0.47511312217194573,0.4358974358974359,0.62473604826546,W/o sentiment_subjectivity_mean,dogecoin.csv
0.5580693815987934,0.5514328808446456,0.4208144796380091,0.40120663650075417,0.548265460030166,W/o sentiment_subjectivity_mean,eos.csv
0.48303030303030303,0.6371212121212121,0.5127272727272727,0.5115151515151516,0.5127272727272727,W/o sentiment_subjectivity_mean,ethereum.csv
0.47030303030303033,0.5104545454545455,0.5236363636363637,0.47696969696969693,0.48484848484848486,W/o sentiment_subjectivity_mean,fantom.csv
0.5330490405117271,0.455528480048736,0.4434968017057569,0.5223880597014925,0.4849223271398111,W/o sentiment_subjectivity_mean,filecoin.csv
0.4954545454545455,0.5968181818181818,0.519090909090909,0.476060606060606,0.516969696969697,W/o sentiment_subjectivity_mean,flow.csv
0.5534647550776584,0.5515232974910393,0.5567502986857825,0.46550179211469533,0.5168757467144565,W/o sentiment_subjectivity_mean,hedera.csv
0.4778787878787879,0.6165151515151516,0.5249999999999999,0.42424242424242425,0.5125757575757576,W/o sentiment_subjectivity_mean,immutable.csv
0.5370088333840999,0.5555893999390801,0.5115747791653975,0.5385318306427048,0.5010660980810234,W/o sentiment_subjectivity_mean,injective.csv
0.4834575260804769,0.4529061102831594,0.45365126676602086,0.470193740685544,0.4885245901639344,W/o sentiment_subjectivity_mean,internet_computer.csv
0.5996640537513998,0.5481522956326988,0.48796192609182537,0.448488241881299,0.5307950727883539,W/o sentiment_subjectivity_mean,kaspa.csv
0.4907407407407407,0.591099163679809,0.5126941457586619,0.5188172043010753,0.45071684587813626,W/o sentiment_subjectivity_mean,lido.csv
0.5492120130835564,0.4490038655961938,0.4834968777876897,0.44751709782931903,0.5150163544454356,W/o sentiment_subjectivity_mean,litecoin.csv
0.5681341719077568,0.5390835579514826,0.5251572327044025,0.4387541179994011,0.5628930817610063,W/o sentiment_subjectivity_mean,maker.csv
0.5260561208757323,0.5403946962688868,0.5260561208757323,0.4745605920444033,0.48242368177613315,W/o sentiment_subjectivity_mean,near.csv
0.4654356060606061,0.5321969696969697,0.5733901515151515,0.42660984848484845,0.5168087121212123,W/o sentiment_subjectivity_mean,optimism.csv
0.9242424242424243,0.9242424242424243,0.8939393939393939,0.4393939393939394,0.7196969696969697,W/o sentiment_subjectivity_mean,pepe.csv
0.4893680742737347,0.538334830787661,0.4868224019167415,0.4591194968553459,0.45627433363282416,W/o sentiment_subjectivity_mean,polkadot.csv
0.5282451923076923,0.6497896634615385,0.5740685096153847,0.5342548076923077,0.5282451923076923,W/o sentiment_subjectivity_mean,polygon.csv
0.3936651583710407,0.4174962292609352,0.4384615384615385,0.4841628959276018,0.44690799396681746,W/o sentiment_subjectivity_mean,render.csv
0.5645402815214136,0.5741239892183287,0.5828092243186582,0.4489368074273734,0.5564540281521414,W/o sentiment_subjectivity_mean,sandbox.csv
0.7245283018867925,0.5787735849056603,0.5849056603773585,0.4509433962264151,0.5367924528301887,W/o sentiment_subjectivity_mean,shiba_inu.csv
0.5295698924731183,0.5462962962962964,0.5364396654719236,0.47640382317801677,0.566905615292712,W/o sentiment_subjectivity_mean,solana.csv
0.5119047619047619,0.5043154761904762,0.5324404761904762,0.5226190476190475,0.4839285714285714,W/o sentiment_subjectivity_mean,stacks.csv
0.5539696699375557,0.5707701457032411,0.5385072851620577,0.4854296758846268,0.5349390425215581,W/o sentiment_subjectivity_mean,stellar.csv
0.7320261437908496,0.5098039215686274,0.5751633986928105,0.36601307189542487,0.607843137254902,W/o sentiment_subjectivity_mean,sui.csv
0.5848214285714286,0.6391369047619048,0.5937500000000001,0.6607142857142857,0.4632440476190476,W/o sentiment_subjectivity_mean,tether.csv
0.5115151515151515,0.6451515151515151,0.5716666666666667,0.4803030303030303,0.5284848484848484,W/o sentiment_subjectivity_mean,tezos.csv
0.5008960573476702,0.5209080047789725,0.5286738351254481,0.5256869772998806,0.4628136200716846,W/o sentiment_subjectivity_mean,theta.csv
0.7666666666666666,0.6583333333333333,0.7916666666666666,0.2125,0.7083333333333335,W/o sentiment_subjectivity_mean,the_graph.csv
0.5227475468331847,0.5453464168896819,0.5170978293190605,0.5,0.4887005649717514,W/o sentiment_subjectivity_mean,toncoin.csv
0.6001838235294117,0.5481004901960784,0.5116421568627452,0.4555759803921569,0.5396752450980392,W/o sentiment_subjectivity_mean,tron.csv
0.4852809991079393,0.5752304490038657,0.4757656853999405,0.528099910793934,0.48067201903062745,W/o sentiment_subjectivity_mean,uniswap.csv
0.45971847858640313,0.7201257861635221,0.7331536388140162,0.46540880503144655,0.43575920934411505,W/o sentiment_subjectivity_mean,usd_coin.csv
0.41947115384615385,0.46829927884615385,0.42818509615384615,0.49158653846153844,0.4774639423076924,W/o sentiment_subjectivity_mean,vechain.csv
0.4425595238095238,0.49508928571428573,0.5007440476190477,0.4758928571428571,0.5348214285714286,W/o sentiment_subjectivity_mean,xrp.csv
0.5076005961251864,0.5025335320417288,0.5055141579731743,0.47690014903129657,0.5529061102831595,W/o news_count,aave.csv
0.4542090656799261,0.5570459451125501,0.49892075238976263,0.46592661116250383,0.602991057662658,W/o news_count,algorand.csv
0.6480938416422287,0.5938416422287389,0.5161290322580645,0.5102639296187683,0.615347018572825,W/o news_count,aptos.csv
0.6071428571428571,0.6236263736263736,0.5906593406593407,0.5879120879120879,0.6016483516483516,W/o news_count,arbitrum.csv
0.4169823232323232,0.502209595959596,0.5142045454545455,0.5497159090909092,0.42945075757575757,W/o news_count,avalanche.csv
0.4595238095238095,0.5950892857142858,0.5541666666666667,0.5648809523809525,0.4273809523809524,W/o news_count,axie_infinity.csv
0.44140625,0.4439603365384615,0.47866586538461536,0.5,0.5859375,W/o news_count,binance_coin.csv
0.46199701937406856,0.48047690014903127,0.4587183308494784,0.5263785394932936,0.5320417287630402,W/o news_count,bitcoin.csv
0.543859649122807,0.46669640202200413,0.5588760035682426,0.43324412726732087,0.545049063336307,W/o news_count,bitcoin_cash.csv
0.3873303167420815,0.48748114630467576,0.4064856711915536,0.5312217194570137,0.4521870286576169,W/o news_count,cardano.csv
0.47121535181236673,0.4343588181541273,0.4459335973195248,0.46055437100213215,0.4448674992385014,W/o news_count,chainlink.csv
0.5093889716840536,0.5809239940387482,0.4491803278688524,0.5520119225037258,0.4907600596125187,W/o news_count,cosmos.csv
0.5537860576923077,0.5114182692307693,0.5030048076923077,0.5935997596153847,0.47911658653846156,W/o news_count,decentraland.csv
0.4935143288084465,0.5354449472096531,0.5076923076923078,0.4850678733031674,0.4751131221719457,W/o news_count,dogecoin.csv
0.47692307692307695,0.5511312217194569,0.4799396681749623,0.4340874811463047,0.558974358974359,W/o news_count,eos.csv
0.4348484848484848,0.572878787878788,0.5466666666666666,0.5612121212121213,0.5916666666666667,W/o news_count,ethereum.csv
0.4621212121212121,0.5666666666666667,0.5381818181818182,0.4707575757575758,0.528939393939394,W/o news_count,fantom.csv
0.5421870240633566,0.5010660980810235,0.4453243984160829,0.5156868717636309,0.4508071885470607,W/o news_count,filecoin.csv
0.47727272727272724,0.5536363636363636,0.5212121212121212,0.5087878787878788,0.4742424242424242,W/o news_count,flow.csv
0.526284348864994,0.5343488649940262,0.5492831541218639,0.46326164874551967,0.5023894862604541,W/o news_count,hedera.csv
0.4921212121212121,0.5525757575757576,0.5151515151515151,0.47090909090909094,0.5668181818181819,W/o news_count,immutable.csv
0.5199512640877246,0.5498020103563814,0.5076149862930247,0.5287846481876332,0.4963448065793482,W/o news_count,injective.csv
0.48017883755588675,0.4752608047690015,0.4785394932935917,0.47481371087928465,0.6520119225037257,W/o news_count,internet_computer.csv
0.603023516237402,0.5509518477043672,0.5403135498320268,0.5867861142217246,0.5333146696528556,W/o news_count,kaspa.csv
0.4707287933094385,0.5079151732377538,0.449820788530466,0.5419653524492234,0.5273297491039427,W/o news_count,lido.csv
0.520368718406185,0.44171870353850723,0.5147190008920606,0.5272078501338091,0.4391911983348201,W/o news_count,litecoin.csv
0.5309973045822103,0.4478885893980234,0.5239592692422881,0.5528601377657982,0.5757711889787361,W/o news_count,maker.csv
0.5217391304347826,0.5188097440641382,0.47887758248535306,0.48489053345667593,0.5,W/o news_count,near.csv
0.6325757575757576,0.5866477272727273,0.5596590909090908,0.35700757575757575,0.4907670454545454,W/o news_count,optimism.csv
0.8787878787878788,0.8787878787878788,0.3787878787878788,0.9090909090909092,0.7348484848484849,W/o news_count,pepe.csv
0.4549266247379455,0.553309374064091,0.5067385444743935,0.5426774483378256,0.5621443545971847,W/o news_count,polkadot.csv
0.5318509615384616,0.5937499999999999,0.5306490384615385,0.49609375,0.4882812500000001,W/o news_count,polygon.csv
0.4669683257918552,0.4250377073906486,0.4506787330316743,0.4334841628959276,0.5107088989441931,W/o news_count,render.csv
0.5495657382449836,0.5864031147050015,0.5600479185384846,0.4399520814615154,0.46376160527103927,W/o news_count,sandbox.csv
0.689622641509434,0.5249999999999999,0.560377358490566,0.4018867924528302,0.6377358490566037,W/o news_count,shiba_inu.csv
0.4889486260454002,0.5306152927120669,0.5134408602150538,0.5234468339307049,0.4568399044205495,W/o news_count,solana.csv
0.47886904761904764,0.45208333333333334,0.5142857142857142,0.5139880952380953,0.5351190476190476,W/o news_count,stacks.csv
0.544454356229557,0.5233422539399346,0.535831103181683,0.44781445138269405,0.5272078501338091,W/o news_count,stellar.csv
0.6339869281045751,0.6094771241830066,0.4607843137254902,0.28431372549019607,0.6356209150326797,W/o news_count,sui.csv
0.5241071428571429,0.6369047619047619,0.6238095238095238,0.5177083333333333,0.5802083333333333,W/o news_count,tether.csv
0.4766666666666667,0.5433333333333333,0.5403030303030303,0.5948484848484848,0.5972727272727273,W/o news_count,tezos.csv
0.47461170848267625,0.4828255675029869,0.4543010752688172,0.48088410991636793,0.5634707287933094,W/o news_count,theta.csv
0.6833333333333332,0.6708333333333334,0.6333333333333333,0.4666666666666667,0.625,W/o news_count,the_graph.csv
0.5147190008920607,0.5496580434136188,0.5453464168896819,0.4754683318465657,0.5007433838834374,W/o news_count,toncoin.csv
0.5919117647058824,0.5399816176470589,0.5508578431372548,0.45098039215686275,0.5177696078431373,W/o news_count,tron.csv
0.5227475468331847,0.5365744870651205,0.45614035087719296,0.5035682426404996,0.43146000594707107,W/o news_count,uniswap.csv
0.44564240790655885,0.7442348008385744,0.7172806229410003,0.5372866127583109,0.4058101227912549,W/o news_count,usd_coin.csv
0.41346153846153844,0.4347956730769231,0.4725060096153846,0.3828125,0.48617788461538464,W/o news_count,vechain.csv
0.4752976190476191,0.5157738095238096,0.5157738095238096,0.45297619047619053,0.4849702380952381,W/o news_count,xrp.csv
0.5019374068554396,0.5178837555886736,0.511177347242921,0.42414307004470936,0.5754098360655737,W/o log_return,aave.csv
0.47147702744372494,0.49259944495837193,0.5306814677767498,0.49306197964847365,0.4913660191181005,W/o log_return,algorand.csv
0.5405669599217986,0.4804496578690127,0.33724340175953077,0.5210166177908113,0.613880742913001,W/o log_return,aptos.csv
0.6373626373626373,0.5824175824175823,0.42582417582417587,0.47390109890109894,0.5782967032967032,W/o log_return,arbitrum.csv
0.4223484848484848,0.43229166666666663,0.43797348484848486,0.4267676767676768,0.47995580808080807,W/o log_return,avalanche.csv
0.46875,0.5415178571428573,0.5385416666666667,0.5077380952380952,0.49806547619047614,W/o log_return,axie_infinity.csv
0.4444110576923077,0.42878605769230765,0.5228365384615384,0.48768028846153844,0.4756610576923077,W/o log_return,binance_coin.csv
0.4575260804769002,0.43353204172876303,0.4941877794336811,0.5350223546944859,0.4545454545454546,W/o log_return,bitcoin.csv
0.551888195063931,0.46610169491525427,0.48171275646743983,0.49925661611656263,0.4311626523936961,W/o log_return,bitcoin_cash.csv
0.4558069381598794,0.5176470588235295,0.4420814479638009,0.48898944193061844,0.5500754147812972,W/o log_return,cardano.csv
0.46451416387450506,0.4288760280231496,0.4687785561985988,0.511117879987816,0.5365519342065185,W/o log_return,chainlink.csv
0.5180327868852459,0.5540983606557377,0.44441132637853953,0.5092399403874814,0.5076005961251863,W/o log_return,cosmos.csv
0.606971153846154,0.5109675480769231,0.541766826923077,0.3927283653846154,0.578876201923077,W/o log_return,decentraland.csv
0.4944193061840121,0.5757164404223227,0.47224736048265464,0.4316742081447964,0.6266968325791855,W/o log_return,dogecoin.csv
0.5466063348416289,0.5351432880844645,0.5155354449472097,0.596078431372549,0.555052790346908,W/o log_return,eos.csv
0.4478787878787879,0.5227272727272727,0.546060606060606,0.5157575757575759,0.5127272727272727,W/o log_return,ethereum.csv
0.47424242424242424,0.5533333333333333,0.5457575757575758,0.47757575757575754,0.47378787878787876,W/o log_return,fantom.csv
0.5193420651842826,0.440755406640268,0.44776119402985076,0.5242156564118184,0.488577520560463,W/o log_return,filecoin.csv
0.4824242424242424,0.5395454545454546,0.4754545454545454,0.4787878787878788,0.5075757575757576,W/o log_return,flow.csv
0.5218040621266428,0.4864097968936678,0.5878136200716846,0.46505376344086025,0.5255376344086022,W/o log_return,hedera.csv
0.46545454545454545,0.5384848484848485,0.5451515151515152,0.42424242424242425,0.5103030303030303,W/o log_return,immutable.csv
0.5330490405117271,0.545385318306427,0.5303076454462381,0.535485836125495,0.5088333840999086,W/o log_return,injective.csv
0.48137108792846495,0.4783904619970194,0.44888226527570796,0.4828614008941878,0.48450074515648284,W/o log_return,internet_computer.csv
0.5979843225083987,0.5394736842105263,0.5335946248600224,0.4473684210526315,0.5313549832026876,W/o log_return,kaspa.csv
0.4883512544802867,0.5537634408602151,0.5031362007168458,0.5122461170848267,0.4448924731182797,W/o log_return,lido.csv
0.5399940529289325,0.44989592625631875,0.536425810288433,0.5530776092774308,0.5255724055902469,W/o log_return,litecoin.csv
0.5525606469002695,0.5098831985624439,0.5479185384845762,0.438754117999401,0.5829589697514226,W/o log_return,maker.csv
0.5371569534381745,0.5146469318532223,0.5020043169904409,0.47548566142460685,0.4975331483194573,W/o log_return,near.csv
0.43797348484848486,0.4448390151515152,0.509469696969697,0.4244791666666667,0.525094696969697,W/o log_return,optimism.csv
0.8939393939393939,0.8409090909090908,0.9242424242424243,0.5454545454545454,0.6893939393939393,W/o log_return,pepe.csv
0.5022461814914645,0.5278526504941599,0.5401317759808325,0.4585205151242887,0.4639113507038035,W/o log_return,polkadot.csv
0.5222355769230769,0.5575420673076922,0.5552884615384616,0.5360576923076923,0.5336538461538463,W/o log_return,polygon.csv
0.391553544494721,0.48702865761689296,0.43981900452488687,0.48476621417797894,0.45641025641025645,W/o log_return,render.csv
0.5669362084456424,0.5266546870320454,0.5227613057801737,0.558250973345313,0.554806828391734,W/o log_return,sandbox.csv
0.6141509433962264,0.5716981132075472,0.4707547169811321,0.460377358490566,0.5358490566037736,W/o log_return,shiba_inu.csv
0.498805256869773,0.5552568697729987,0.5424133811230585,0.47670250896057353,0.5533154121863799,W/o log_return,solana.csv
0.5023809523809524,0.3580357142857143,0.4845238095238095,0.5241071428571429,0.47946428571428573,W/o log_return,stacks.csv
0.5527802557240558,0.55961938745168,0.5203687184061849,0.5046089800773119,0.5361284567350579,W/o log_return,stellar.csv
0.7352941176470589,0.5735294117647058,0.5588235294117647,0.36601307189542487,0.607843137254902,W/o log_return,sui.csv
0.5791666666666667,0.65,0.5717261904761906,0.3395833333333334,0.46116071428571426,W/o log_return,tether.csv
0.5039393939393939,0.5666666666666667,0.58,0.47848484848484846,0.5246969696969698,W/o log_return,tezos.csv
0.49641577060931896,0.5813918757467145,0.5303166069295101,0.5244922341696535,0.4586320191158901,W/o log_return,theta.csv
0.775,0.6541666666666667,0.7083333333333335,0.19166666666666665,0.7083333333333335,W/o log_return,the_graph.csv
0.5334522747546834,0.567350579839429,0.5801367826345524,0.5055010407374367,0.4815640796907524,W/o log_return,toncoin.csv
0.5949754901960784,0.4600183823529412,0.4411764705882353,0.4568014705882353,0.5442708333333334,W/o log_return,tron.csv
0.496283080582813,0.5291406482307464,0.49390425215581335,0.5266131430270592,0.46149271483794235,W/o log_return,uniswap.csv
0.4444444444444445,0.710691823899371,0.7466307277628033,0.46540880503144655,0.3999700509134472,W/o log_return,usd_coin.csv
0.40865384615384615,0.40715144230769235,0.47220552884615385,0.5342548076923077,0.4822716346153846,W/o log_return,vechain.csv
0.42916666666666664,0.4739583333333333,0.45922619047619045,0.47648809523809527,0.5285714285714286,W/o log_return,xrp.csv
0.49061102831594633,0.529210134128167,0.4497764530551416,0.42563338301043224,0.559612518628912,W/o vol_7d,aave.csv
0.48041936478569225,0.5530373111316682,0.4767190872648782,0.5046253469010176,0.4727104532839964,W/o vol_7d,algorand.csv
0.606060606060606,0.5263929618768328,0.44770283479960893,0.509286412512219,0.6344086021505376,W/o vol_7d,aptos.csv
0.6648351648351649,0.6538461538461539,0.5686813186813187,0.47115384615384615,0.5370879120879121,W/o vol_7d,arbitrum.csv
0.42077020202020204,0.4779040404040404,0.5110479797979798,0.42708333333333337,0.49226641414141414,W/o vol_7d,avalanche.csv
0.4776785714285714,0.5075892857142856,0.5291666666666667,0.4913690476190476,0.49583333333333335,W/o vol_7d,axie_infinity.csv
0.4672475961538461,0.43569711538461536,0.5060096153846154,0.48737980769230765,0.4921875,W/o vol_7d,binance_coin.csv
0.4572280178837556,0.5360655737704917,0.4938897168405365,0.5096870342771982,0.4798807749627422,W/o vol_7d,bitcoin.csv
0.5575379125780553,0.37942313410645256,0.5953018138566757,0.4983645554564377,0.4597085935176926,W/o vol_7d,bitcoin_cash.csv
0.45822021116138767,0.44539969834087484,0.4184012066365008,0.4968325791855204,0.531372549019608,W/o vol_7d,cardano.csv
0.4718245507158087,0.47761194029850745,0.4852269265915321,0.510508681084374,0.5239110569600974,W/o vol_7d,chainlink.csv
0.5111773472429211,0.5070044709388972,0.4396423248882266,0.5093889716840536,0.5096870342771982,W/o vol_7d,cosmos.csv
0.6198918269230769,0.5555889423076924,0.5381610576923077,0.3903245192307693,0.5679086538461539,W/o vol_7d,decentraland.csv
0.5125188536953244,0.5431372549019609,0.4944193061840121,0.5,0.6312217194570136,W/o vol_7d,dogecoin.csv
0.5701357466063348,0.5769230769230769,0.5484162895927601,0.5960784313725491,0.5651583710407241,W/o vol_7d,eos.csv
0.42212121212121206,0.566969696969697,0.45575757575757575,0.5245454545454546,0.5422727272727272,W/o vol_7d,ethereum.csv
0.4833333333333334,0.5416666666666666,0.5357575757575758,0.476969696969697,0.4650000000000001,W/o vol_7d,fantom.csv
0.5385318306427048,0.5493451111787999,0.4590313737435273,0.5226926591532135,0.46360036551934214,W/o vol_7d,filecoin.csv
0.4793939393939393,0.5062121212121211,0.4809090909090909,0.4824242424242425,0.5106060606060606,W/o vol_7d,flow.csv
0.5468936678614098,0.5618279569892473,0.5032855436081243,0.47028076463560337,0.5200119474313023,W/o vol_7d,hedera.csv
0.47151515151515155,0.519090909090909,0.4972727272727273,0.4251515151515151,0.5062121212121212,W/o vol_7d,immutable.csv
0.5303076454462382,0.5312214438014011,0.5132500761498631,0.4655802619555285,0.5025890953396284,W/o vol_7d,injective.csv
0.503725782414307,0.4543964232488823,0.45782414307004476,0.48286140089418783,0.49061102831594633,W/o vol_7d,internet_computer.csv
0.603023516237402,0.6061030235162373,0.463605823068309,0.4473684210526316,0.5313549832026876,W/o vol_7d,kaspa.csv
0.4811827956989247,0.573626045400239,0.5352449223416965,0.5110513739545997,0.4475806451612903,W/o vol_7d,lido.csv
0.5224501932798097,0.45316681534344333,0.5063931013975617,0.551293487957181,0.516949152542373,W/o vol_7d,litecoin.csv
0.5723270440251572,0.5312967954477388,0.5468703204552261,0.43740640910452233,0.5411799940101827,W/o vol_7d,maker.csv
0.5331483194572926,0.4964539007092199,0.4989207523897626,0.5251310514955289,0.4805735430157262,W/o vol_7d,near.csv
0.4696969696969697,0.5,0.5108901515151515,0.42708333333333326,0.525094696969697,W/o vol_7d,optimism.csv
0.9848484848484849,0.8484848484848485,0.3787878787878788,0.4393939393939394,0.7348484848484849,W/o vol_7d,pepe.csv
0.49595687331536387,0.5416292303084755,0.47604073075771186,0.5423779574722971,0.4712488769092542,W/o vol_7d,polkadot.csv
0.524939903846154,0.58984375,0.571514423076923,0.5357572115384615,0.5180288461538461,W/o vol_7d,polygon.csv
0.387028657616893,0.42307692307692313,0.5028657616892911,0.4838612368024133,0.4547511312217195,W/o vol_7d,render.csv
0.5711290805630429,0.5251572327044024,0.5118298891883797,0.4405510631925726,0.5587002096436059,W/o vol_7d,sandbox.csv
0.7226415094339622,0.5433962264150943,0.5207547169811321,0.469811320754717,0.5386792452830189,W/o vol_7d,shiba_inu.csv
0.5286738351254481,0.5589904420549582,0.546594982078853,0.4737156511350059,0.5534647550776582,W/o vol_7d,solana.csv
0.5169642857142858,0.4050595238095238,0.47172619047619047,0.5229166666666667,0.478125,W/o vol_7d,stacks.csv
0.5542670234909307,0.5099613440380613,0.5117454653583111,0.5052036871840618,0.5805828129646149,W/o vol_7d,stellar.csv
0.7287581699346406,0.6535947712418301,0.5065359477124183,0.36274509803921573,0.6241830065359477,W/o vol_7d,sui.csv
0.5785714285714286,0.6113095238095237,0.5758928571428571,0.6604166666666667,0.47351190476190474,W/o vol_7d,tether.csv
0.49363636363636365,0.597121212121212,0.5233333333333333,0.44121212121212117,0.5304545454545455,W/o vol_7d,tezos.csv
0.504778972520908,0.5467443249701314,0.471326164874552,0.5232974910394266,0.46818996415770614,W/o vol_7d,theta.csv
0.7749999999999999,0.6916666666666667,0.6833333333333333,0.19999999999999998,0.6749999999999999,W/o vol_7d,the_graph.csv
0.505203687184062,0.5774606006541778,0.5498067201903063,0.5055010407374367,0.46788581623550407,W/o vol_7d,toncoin.csv
0.6026348039215687,0.46338848039215685,0.5337009803921569,0.43504901960784315,0.5324754901960784,W/o vol_7d,tron.csv
0.4983645554564377,0.5667558727326791,0.48825453464168894,0.527505203687184,0.5056497175141242,W/o vol_7d,uniswap.csv
0.4429469901168015,0.7484276729559749,0.7292602575621444,0.47199760407307584,0.3999700509134472,W/o vol_7d,usd_coin.csv
0.42878605769230765,0.4968449519230769,0.4399038461538461,0.46334134615384615,0.4595853365384615,W/o vol_7d,vechain.csv
0.4425595238095238,0.5261904761904762,0.4752976190476191,0.4752976190476191,0.5306547619047619,W/o vol_7d,xrp.csv
0.4652757078986587,0.49657228017883753,0.4557377049180328,0.42354694485842026,0.5602086438152012,W/o vol_30d,aave.csv
0.4902867715078631,0.5681467776749922,0.4992291088498304,0.4912118408880666,0.48458217699660805,W/o vol_30d,algorand.csv
0.5992179863147605,0.6744868035190615,0.5601173020527859,0.5161290322580645,0.6270772238514174,W/o vol_30d,aptos.csv
0.6483516483516484,0.5837912087912088,0.510989010989011,0.47390109890109894,0.5782967032967032,W/o vol_30d,arbitrum.csv
0.4356060606060606,0.498895202020202,0.5366161616161617,0.42676767676767674,0.5142045454545454,W/o vol_30d,avalanche.csv
0.4758928571428572,0.5334821428571428,0.5738095238095238,0.49017857142857146,0.5220238095238096,W/o vol_30d,axie_infinity.csv
0.45552884615384615,0.45718149038461536,0.4540264423076923,0.48768028846153844,0.5151742788461537,W/o vol_30d,binance_coin.csv
0.4640834575260805,0.5108792846497765,0.4780923994038748,0.528166915052161,0.46080476900149037,W/o vol_30d,bitcoin.csv
0.5640796907523045,0.46461492714837943,0.5206660719595599,0.5319655069878084,0.45911388641094264,W/o vol_30d,bitcoin_cash.csv
0.45972850678733035,0.49713423831070896,0.41568627450980394,0.5105580693815988,0.5330316742081448,W/o vol_30d,cardano.csv
0.4727383490709716,0.46024977155041125,0.4578129759366433,0.511422479439537,0.5338105391410295,W/o vol_30d,chainlink.csv
0.5171385991058122,0.4526080476900149,0.4846497764530551,0.50849478390462,0.4880774962742176,W/o vol_30d,cosmos.csv
0.6213942307692307,0.5549879807692308,0.4768629807692307,0.6099759615384616,0.5498798076923077,W/o vol_30d,decentraland.csv
0.5282051282051282,0.5841628959276018,0.5668174962292609,0.4401206636500754,0.6490196078431373,W/o vol_30d,dogecoin.csv
0.5695324283559577,0.5173453996983409,0.48657616892911015,0.403921568627451,0.5405731523378581,W/o vol_30d,eos.csv
0.4584848484848485,0.5407575757575758,0.47030303030303033,0.5221212121212121,0.5024242424242424,W/o vol_30d,ethereum.csv
0.4912121212121212,0.5734848484848485,0.5024242424242424,0.47818181818181815,0.46196969696969703,W/o vol_30d,fantom.csv
0.5300030459945171,0.4978678038379531,0.4916235150776729,0.5211696618946087,0.5015229972586048,W/o vol_30d,filecoin.csv
0.4996969696969697,0.543939393939394,0.46,0.4809090909090909,0.49090909090909096,W/o vol_30d,flow.csv
0.5349462365591398,0.5795997610513739,0.569295101553166,0.46848864994026285,0.5210573476702509,W/o vol_30d,hedera.csv
0.4796969696969697,0.5354545454545455,0.5239393939393939,0.4233333333333333,0.4612121212121212,W/o vol_30d,immutable.csv
0.535181236673774,0.5731038684130368,0.5156868717636308,0.4614681693572952,0.49436491014316175,W/o vol_30d,injective.csv
0.48703427719821163,0.4157973174366617,0.4324888226527571,0.48435171385991055,0.5041728763040237,W/o vol_30d,internet_computer.csv
0.5929451287793953,0.4720044792833147,0.4680851063829787,0.45240761478163494,0.5313549832026876,W/o vol_30d,kaspa.csv
0.4841696535244922,0.4967144563918757,0.5071684587813621,0.4967144563918758,0.4523596176821984,W/o vol_30d,lido.csv
0.536723163841808,0.47502230151650315,0.536128456735058,0.5501040737436813,0.5417781742491823,W/o vol_30d,litecoin.csv
0.5819107517220725,0.5142258161126085,0.5092842168313867,0.5792153339323151,0.5807127882599581,W/o vol_30d,maker.csv
0.5109466543324083,0.5177304964539007,0.4801110083256244,0.522972556275054,0.4859697810669133,W/o vol_30d,near.csv
0.465435606060606,0.4805871212121212,0.53125,0.42234848484848486,0.5310132575757576,W/o vol_30d,optimism.csv
0.9090909090909091,0.9393939393939394,0.3787878787878788,0.45454545454545453,0.7196969696969697,W/o vol_30d,pepe.csv
0.518418688230009,0.5062893081761006,0.5202156334231806,0.5429769392033542,0.4687032045522611,W/o vol_30d,polkadot.csv
0.5438701923076923,0.6096754807692308,0.6045673076923077,0.53515625,0.5184795673076923,W/o vol_30d,polygon.csv
0.3903469079939668,0.4232277526395174,0.43604826546003017,0.4838612368024133,0.4948717948717949,W/o vol_30d,render.csv
0.5636418089248278,0.5491165019466906,0.5537586103623839,0.4489368074273734,0.5780173704702007,W/o vol_30d,sandbox.csv
0.6962264150943396,0.6283018867924528,0.530188679245283,0.39811320754716983,0.5268867924528302,W/o vol_30d,shiba_inu.csv
0.5325567502986858,0.5531660692951016,0.533452807646356,0.47879330943847076,0.5398745519713262,W/o vol_30d,solana.csv
0.48541666666666666,0.4119047619047619,0.4866071428571429,0.5273809523809524,0.46845238095238095,W/o vol_30d,stacks.csv
0.5399940529289324,0.5362771335117454,0.5593220338983051,0.5072851620576866,0.4946476360392507,W/o vol_30d,stellar.csv
0.7287581699346405,0.6601307189542484,0.5849673202614379,0.36601307189542487,0.5915032679738563,W/o vol_30d,sui.csv
0.5836309523809524,0.630357142857143,0.6264880952380952,0.6602678571428572,0.46681547619047614,W/o vol_30d,tether.csv
0.4703030303030303,0.6548484848484849,0.5557575757575758,0.4381818181818182,0.5106060606060605,W/o vol_30d,tezos.csv
0.4961170848267623,0.532258064516129,0.533452807646356,0.5459976105137395,0.45221027479091996,W/o vol_30d,theta.csv
0.775,0.75,0.6916666666666668,0.19999999999999998,0.7083333333333335,W/o vol_30d,the_graph.csv
0.5221528397264348,0.539845376152245,0.552780255724056,0.512042818911686,0.4751709782931906,W/o vol_30d,toncoin.csv
0.6084558823529412,0.5409007352941175,0.5582107843137255,0.3958333333333333,0.514859068627451,W/o vol_30d,tron.csv
0.5084745762711864,0.5322628605411834,0.5066904549509367,0.5275052036871841,0.4950936663693131,W/o vol_30d,uniswap.csv
0.44414495357891587,0.7605570530098832,0.7451332734351602,0.4678047319556754,0.4192872117400419,W/o vol_30d,usd_coin.csv
0.4296875,0.4044471153846154,0.4215745192307692,0.49654447115384615,0.44636418269230765,W/o vol_30d,vechain.csv
0.4473214285714286,0.528422619047619,0.5229166666666667,0.4776785714285714,0.47440476190476194,W/o vol_30d,xrp.csv
0.49150521609538,0.5016393442622951,0.4578241430700447,0.424441132637854,0.563338301043219,W/o ma_7,aave.csv
0.47918593894542094,0.5289855072463768,0.5448658649398704,0.492445266728338,0.4870490286771508,W/o ma_7,algorand.csv
0.5777126099706744,0.6050830889540567,0.4516129032258065,0.512218963831867,0.6143695014662757,W/o ma_7,aptos.csv
0.6538461538461539,0.6771978021978022,0.5741758241758241,0.46153846153846156,0.5782967032967032,W/o ma_7,arbitrum.csv
0.40909090909090906,0.5355113636363636,0.47269570707070707,0.4277146464646464,0.4805871212121212,W/o ma_7,avalanche.csv
0.4764880952380952,0.5343749999999999,0.5416666666666666,0.49196428571428574,0.5127976190476191,W/o ma_7,axie_infinity.csv
0.46334134615384615,0.4905348557692308,0.5027043269230769,0.4879807692307692,0.47986778846153844,W/o ma_7,binance_coin.csv
0.4640834575260805,0.5123695976154993,0.4918032786885246,0.5296572280178837,0.47108792846497766,W/o ma_7,bitcoin.csv
0.5634849836455544,0.5151650312221231,0.5233422539399346,0.49925661611656263,0.4488551888195064,W/o ma_7,bitcoin_cash.csv
0.4552036199095023,0.5194570135746607,0.43650075414781303,0.4929110105580694,0.5390648567119156,W/o ma_7,cardano.csv
0.4730429485226927,0.4983247030155346,0.47791653975022846,0.510813280536095,0.5229972586049345,W/o ma_7,chainlink.csv
0.5177347242921013,0.5002980625931446,0.4357675111773472,0.5087928464977646,0.5093889716840536,W/o ma_7,cosmos.csv
0.6186899038461539,0.4939903846153846,0.5772235576923077,0.390625,0.587890625,W/o ma_7,decentraland.csv
0.5170437405731524,0.5678733031674208,0.5057315233785822,0.5,0.6298642533936653,W/o ma_7,dogecoin.csv
0.5707390648567119,0.5111613876319759,0.4835595776772248,0.5963800904977375,0.5514328808446456,W/o ma_7,eos.csv
0.45303030303030306,0.6209090909090909,0.5466666666666666,0.5162121212121212,0.5189393939393939,W/o ma_7,ethereum.csv
0.48454545454545456,0.543939393939394,0.5496969696969696,0.47757575757575754,0.4821212121212122,W/o ma_7,fantom.csv
0.5321352421565642,0.46923545537618033,0.43953700883338404,0.5226926591532135,0.4931465123362778,W/o ma_7,filecoin.csv
0.4972727272727272,0.603939393939394,0.483939393939394,0.4851515151515151,0.5142424242424243,W/o ma_7,flow.csv
0.5462962962962963,0.534199522102748,0.5477897252090801,0.4644563918757467,0.5267323775388291,W/o ma_7,hedera.csv
0.4706060606060606,0.5083333333333334,0.5060606060606061,0.42393939393939395,0.49863636363636366,W/o ma_7,immutable.csv
0.5330490405117271,0.536399634480658,0.5083764849223271,0.46055437100213226,0.5028936947913494,W/o ma_7,injective.csv
0.48375558867362145,0.42399403874813707,0.40506706408345755,0.48345752608047693,0.4847988077496274,W/o ma_7,internet_computer.csv
0.597424412094065,0.498040313549832,0.5195968645016797,0.4473684210526315,0.5075587905935051,W/o ma_7,kaspa.csv
0.4886499402628435,0.534199522102748,0.4753584229390681,0.5164277180406213,0.4419056152927121,W/o ma_7,lido.csv
0.5405887600356825,0.39027653880463875,0.5495093666369313,0.45584299732381806,0.5248290217068095,W/o ma_7,litecoin.csv
0.5639412997903565,0.4642108415693322,0.5456723569931117,0.4384546271338724,0.5691823899371069,W/o ma_7,maker.csv
0.5279062596361394,0.4825778600061671,0.5158803576934937,0.524822695035461,0.4777983348751156,W/o ma_7,near.csv
0.47159090909090917,0.48390151515151514,0.4895833333333333,0.5724431818181818,0.5232007575757576,W/o ma_7,optimism.csv
0.9242424242424243,0.9848484848484849,0.8636363636363636,0.5,0.7196969696969697,W/o ma_7,pepe.csv
0.49865229110512127,0.49401018268942787,0.5263551961665169,0.5426774483378257,0.4591194968553459,W/o ma_7,polkadot.csv
0.5327524038461539,0.5794771634615384,0.54296875,0.5354567307692307,0.5333533653846154,W/o ma_7,polygon.csv
0.3885369532428356,0.4532428355957768,0.4645550527903469,0.4838612368024133,0.44645550527903466,W/o ma_7,render.csv
0.5630428271937706,0.5031446540880503,0.5480682839173404,0.44055106319257253,0.5720275531596286,W/o ma_7,sandbox.csv
0.710377358490566,0.6099056603773585,0.5066037735849057,0.4188679245283019,0.5339622641509434,W/o ma_7,shiba_inu.csv
0.5265830346475509,0.5052270011947431,0.5424133811230585,0.47491039426523296,0.5461469534050178,W/o ma_7,solana.csv
0.5041666666666667,0.42366071428571433,0.5098214285714285,0.5144345238095238,0.4772321428571429,W/o ma_7,stacks.csv
0.5521855486173061,0.47294082664287845,0.5121914956883735,0.4854296758846268,0.5411834671424324,W/o ma_7,stellar.csv
0.7254901960784315,0.642156862745098,0.5490196078431372,0.36274509803921573,0.619281045751634,W/o ma_7,sui.csv
0.5818452380952381,0.6502976190476191,0.6410714285714285,0.6642857142857144,0.46116071428571426,W/o ma_7,tether.csv
0.4981818181818182,0.5469696969696969,0.5627272727272727,0.48287878787878785,0.5345454545454545,W/o ma_7,tezos.csv
0.4979091995221028,0.6075268817204301,0.508363201911589,0.525089605734767,0.47162485065710874,W/o ma_7,theta.csv
0.7749999999999999,0.625,0.6416666666666666,0.19999999999999998,0.6708333333333334,W/o ma_7,the_graph.csv
0.5153137079988106,0.544454356229557,0.5310734463276836,0.511745465358311,0.47100802854594115,W/o ma_7,toncoin.csv
0.5998774509803921,0.5433517156862745,0.560049019607843,0.43995098039215685,0.5370710784313726,W/o ma_7,tron.csv
0.5028248587570622,0.5169491525423728,0.4936068986024383,0.528099910793934,0.4748736247398156,W/o ma_7,uniswap.csv
0.4444444444444445,0.7345013477088949,0.7433363282419886,0.46900269541778977,0.3999700509134472,W/o ma_7,usd_coin.csv
0.4182692307692308,0.43058894230769235,0.4774639423076923,0.5342548076923077,0.4822716346153846,W/o ma_7,vechain.csv
0.44642857142857145,0.5160714285714285,0.49910714285714286,0.475,0.5316964285714285,W/o ma_7,xrp.csv
0.45663189269746646,0.4712369597615499,0.4780923994038748,0.4241430700447094,0.5862891207153502,W/o ma_30,aave.csv
0.484736355226642,0.5454825778600062,0.5208140610545791,0.4936786925686093,0.4822695035460993,W/o ma_30,algorand.csv
0.5894428152492668,0.5850439882697946,0.48484848484848486,0.5083088954056696,0.6358748778103617,W/o ma_30,aptos.csv
0.6510989010989011,0.6332417582417582,0.5604395604395604,0.46153846153846156,0.5782967032967032,W/o ma_30,arbitrum.csv
0.4270833333333333,0.5121527777777778,0.46969696969696967,0.42834595959595956,0.4930555555555556,W/o ma_30,avalanche.csv
0.4791666666666667,0.5261904761904763,0.5702380952380952,0.49136904761904765,0.4973214285714286,W/o ma_30,axie_infinity.csv
0.4600360576923077,0.5250901442307692,0.4771634615384615,0.48768028846153844,0.47506009615384615,W/o ma_30,binance_coin.csv
0.4533532041728763,0.49269746646795826,0.4983606557377049,0.5433681073025336,0.48956780923994037,W/o ma_30,bitcoin.csv
0.5617008623253048,0.47041332143919123,0.5643770443056795,0.49866190900981266,0.4536128456735058,W/o ma_30,bitcoin_cash.csv
0.4642533936651584,0.5009049773755656,0.4339366515837104,0.49260935143288087,0.5434389140271494,W/o ma_30,cardano.csv
0.47730734084678644,0.4509594882729211,0.4431922022540359,0.5102040816326531,0.5263478525738653,W/o ma_30,chainlink.csv
0.4971684053651266,0.5235469448584202,0.4938897168405365,0.5090909090909091,0.4937406855439642,W/o ma_30,cosmos.csv
0.6204927884615384,0.5743689903846154,0.5838341346153846,0.3924278846153846,0.5736177884615385,W/o ma_30,decentraland.csv
0.5242835595776771,0.5930618401206637,0.5361990950226244,0.5,0.6177978883861237,W/o ma_30,dogecoin.csv
0.5689291101055807,0.5481146304675717,0.5496229260935144,0.40784313725490196,0.5549019607843138,W/o ma_30,eos.csv
0.45363636363636367,0.5418181818181819,0.5318181818181819,0.5242424242424242,0.5387878787878788,W/o ma_30,ethereum.csv
0.49393939393939396,0.5556060606060607,0.5375757575757576,0.47878787878787876,0.4812121212121212,W/o ma_30,fantom.csv
0.5226926591532135,0.4963448065793482,0.4559853792263174,0.4809625342674383,0.4931465123362778,W/o ma_30,filecoin.csv
0.5106060606060606,0.5296969696969698,0.5106060606060606,0.48303030303030303,0.5236363636363637,W/o ma_30,flow.csv
0.5409199522102748,0.5675029868578255,0.5504778972520907,0.46505376344086025,0.5180704898446834,W/o ma_30,hedera.csv
0.4733333333333333,0.5881818181818181,0.5645454545454546,0.4242424242424242,0.5107575757575757,W/o ma_30,immutable.csv
0.5300030459945172,0.545080718854706,0.5031982942430704,0.46207736826073714,0.5044166920499542,W/o ma_30,injective.csv
0.4918032786885246,0.4307004470938897,0.44038748137108796,0.5050670640834575,0.4743666169895678,W/o ma_30,internet_computer.csv
0.5778275475923851,0.56494960806271,0.4955207166853303,0.44792833146696526,0.526875699888018,W/o ma_30,kaspa.csv
0.4937275985663082,0.6052867383512545,0.4662485065710872,0.5116487455197132,0.4436977299880526,W/o ma_30,lido.csv
0.5322628605411834,0.45197740112994356,0.47457627118644063,0.5463871543264942,0.5245316681534344,W/o ma_30,litecoin.csv
0.5980832584606169,0.47753818508535495,0.5140760706798442,0.4371069182389937,0.5524109014675052,W/o ma_30,maker.csv
0.5303731113166821,0.5279062596361394,0.48041936478569225,0.475177304964539,0.48596978106691335,W/o ma_30,near.csv
0.4578598484848485,0.5482954545454546,0.5116003787878788,0.5724431818181818,0.5047348484848485,W/o ma_30,optimism.csv
0.9848484848484849,0.9166666666666666,0.3787878787878788,0.5,0.7196969696969697,W/o ma_30,pepe.csv
0.508535489667565,0.4817310572027553,0.5369871218927822,0.5357891584306679,0.45926924228811017,W/o ma_30,polkadot.csv
0.5243389423076923,0.6509915865384616,0.4783653846153846,0.46334134615384615,0.5628004807692308,W/o ma_30,polygon.csv
0.39276018099547516,0.4561085972850679,0.4449472096530921,0.48416289592760187,0.457315233785822,W/o ma_30,render.csv
0.5606469002695418,0.5485175202156334,0.5741239892183289,0.4411500449236298,0.5760706798442647,W/o ma_30,sandbox.csv
0.7056603773584906,0.5797169811320755,0.6066037735849056,0.4226415094339622,0.5254716981132075,W/o ma_30,shiba_inu.csv
0.5212066905615294,0.5910991636798089,0.533452807646356,0.4728195937873357,0.5539127837514934,W/o ma_30,solana.csv
0.5080357142857144,0.39732142857142855,0.4973214285714286,0.5169642857142858,0.4650297619047619,W/o ma_30,stacks.csv
0.5474278917633066,0.5428189116859947,0.48944394885518877,0.5072851620576866,0.5301813856675587,W/o ma_30,stellar.csv
0.7254901960784315,0.6650326797385622,0.4836601307189543,0.36274509803921573,0.6029411764705883,W/o ma_30,sui.csv
0.5785714285714285,0.6331845238095238,0.5955357142857143,0.6604166666666667,0.4549107142857143,W/o ma_30,tether.csv
0.5072727272727273,0.6251515151515152,0.5527272727272727,0.4807575757575757,0.5345454545454545,W/o ma_30,tezos.csv
0.501194743130227,0.5238948626045401,0.5008960573476703,0.4743130227001195,0.47162485065710874,W/o ma_30,theta.csv
0.775,0.7625,0.6833333333333333,0.19999999999999998,0.7083333333333335,W/o ma_30,the_graph.csv
0.5126375260184359,0.5148676776687482,0.6095747844186737,0.5072851620576866,0.4622360987213797,W/o ma_30,toncoin.csv
0.6020220588235293,0.5292585784313726,0.5303308823529411,0.45067401960784315,0.5493259803921569,W/o ma_30,tron.csv
0.5022301516503122,0.5233422539399346,0.4820101100208148,0.5272078501338091,0.47948260481712757,W/o ma_30,uniswap.csv
0.44504342617550163,0.7359988020365379,0.7187780772686433,0.5182689427972447,0.3999700509134472,W/o ma_30,usd_coin.csv
0.4191706730769231,0.44966947115384615,0.5198317307692307,0.533954326923077,0.47611177884615385,W/o ma_30,vechain.csv
0.45238095238095233,0.4950892857142857,0.48005952380952377,0.475297619047619,0.5386904761904762,W/o ma_30,xrp.csv
0.43487332339791357,0.5096870342771983,0.45722801788375556,0.42548435171385995,0.5612518628912072,W/o ma_ratio,aave.csv
0.47733580018501387,0.5169596053037311,0.5485661424606845,0.49367869256860936,0.4918285538082023,W/o ma_ratio,algorand.csv
0.5747800586510263,0.5684261974584555,0.4457478005865103,0.5063538611925709,0.6358748778103617,W/o ma_ratio,aptos.csv
0.6236263736263736,0.6181318681318682,0.532967032967033,0.5013736263736264,0.6098901098901098,W/o ma_ratio,arbitrum.csv
0.4864267676767677,0.4827967171717172,0.5058396464646464,0.42739898989898994,0.4797979797979798,W/o ma_ratio,avalanche.csv
0.4851190476190476,0.5380952380952381,0.5473214285714285,0.5083333333333333,0.5086309523809525,W/o ma_ratio,axie_infinity.csv
0.4597355769230769,0.46754807692307687,0.4423076923076923,0.4867788461538461,0.4822716346153845,W/o ma_ratio,binance_coin.csv
0.4512667660208644,0.5742175856929955,0.47093889716840537,0.5704918032786884,0.43502235469448586,W/o ma_ratio,bitcoin.csv
0.5489146595301815,0.4354742789176331,0.4781445138269403,0.4989592625631877,0.44320547130538207,W/o ma_ratio,bitcoin_cash.csv
0.4494720965309201,0.4924585218702866,0.4378582202111614,0.4947209653092006,0.5345399698340875,W/o ma_ratio,cardano.csv
0.4690831556503199,0.454310082241852,0.44837039293329267,0.49101431617423086,0.5330490405117271,W/o ma_ratio,chainlink.csv
0.516542473919523,0.48181818181818176,0.47302533532041724,0.5090909090909091,0.5038748137108793,W/o ma_ratio,cosmos.csv
0.600360576923077,0.5237379807692308,0.5306490384615384,0.39002403846153844,0.5869891826923077,W/o ma_ratio,decentraland.csv
0.5276018099547513,0.5710407239819005,0.5067873303167421,0.43906485671191553,0.6138763197586727,W/o ma_ratio,dogecoin.csv
0.5731523378582203,0.5638009049773756,0.6033182503770739,0.4048265460030166,0.5417797888386124,W/o ma_ratio,eos.csv
0.42272727272727273,0.5509090909090908,0.48545454545454547,0.5196969696969698,0.5245454545454545,W/o ma_ratio,ethereum.csv
0.48090909090909095,0.5465151515151515,0.5118181818181818,0.47757575757575754,0.46499999999999997,W/o ma_ratio,fantom.csv
0.509594882729211,0.45491928114529395,0.45141638745050255,0.5220834602497716,0.45674687785561985,W/o ma_ratio,filecoin.csv
0.5384848484848485,0.5057575757575759,0.4706060606060606,0.48060606060606065,0.5154545454545454,W/o ma_ratio,flow.csv
0.5615292712066906,0.5440561529271207,0.6012544802867384,0.46415770609318996,0.5300179211469535,W/o ma_ratio,hedera.csv
0.4709090909090909,0.48666666666666664,0.4918181818181818,0.4163636363636363,0.5528787878787879,W/o ma_ratio,immutable.csv
0.5309168443496801,0.5788912579957356,0.5016752969844654,0.4655802619555285,0.5030459945172098,W/o ma_ratio,injective.csv
0.5102831594634873,0.49329359165424735,0.47779433681073025,0.4846497764530551,0.5013412816691505,W/o ma_ratio,internet_computer.csv
0.5940649496080627,0.5050391937290034,0.4988801791713326,0.4479283314669653,0.5313549832026876,W/o ma_ratio,kaspa.csv
0.492831541218638,0.5692951015531661,0.4669952210274791,0.5188172043010753,0.4635603345280765,W/o ma_ratio,lido.csv
0.5111507582515612,0.45376152245019336,0.5251263752601844,0.44781445138269405,0.5414808206958073,W/o ma_ratio,litecoin.csv
0.5789158430667865,0.4326145552560647,0.5477687930518119,0.43755615453728663,0.5471698113207547,W/o ma_ratio,maker.csv
0.5186555658341043,0.5390070921985817,0.4600678384212149,0.47517730496453897,0.4648473635522664,W/o ma_ratio,near.csv
0.46827651515151514,0.5255681818181819,0.5085227272727273,0.5785984848484849,0.49976325757575757,W/o ma_ratio,optimism.csv
0.8939393939393939,0.9848484848484849,0.40909090909090906,0.4393939393939394,0.7196969696969697,W/o ma_ratio,pepe.csv
0.4989517819706498,0.5235100329439952,0.49026654687032045,0.45852051512428865,0.47274633123689724,W/o ma_ratio,polkadot.csv
0.5186298076923077,0.6080228365384616,0.55859375,0.5348557692307692,0.5187800480769231,W/o ma_ratio,polygon.csv
0.39245852187028657,0.4111613876319759,0.4377073906485672,0.48355957767722474,0.4583710407239819,W/o ma_ratio,render.csv
0.5831087151841868,0.4863731656184486,0.549266247379455,0.5645402815214137,0.5682839173405212,W/o ma_ratio,sandbox.csv
0.7141509433962264,0.6325471698113208,0.4943396226415094,0.42735849056603775,0.569811320754717,W/o ma_ratio,shiba_inu.csv
0.5313620071684587,0.49865591397849457,0.4934289127837515,0.46953405017921146,0.5385304659498208,W/o ma_ratio,solana.csv
0.5008928571428573,0.40431547619047614,0.5377976190476191,0.5241071428571429,0.46116071428571426,W/o ma_ratio,stacks.csv
0.5622955694320548,0.5533749628308059,0.5489146595301815,0.5049063336306868,0.5428189116859947,W/o ma_ratio,stellar.csv
0.6895424836601307,0.6437908496732025,0.44117647058823534,0.36601307189542487,0.619281045751634,W/o ma_ratio,sui.csv
0.575297619047619,0.6561011904761905,0.5800595238095237,0.6607142857142857,0.4549107142857143,W/o ma_ratio,tether.csv
0.49636363636363634,0.6007575757575758,0.5515151515151515,0.48272727272727267,0.5219696969696971,W/o ma_ratio,tezos.csv
0.5173237753882916,0.48835125448028677,0.44384707287933095,0.5297192353643967,0.45878136200716846,W/o ma_ratio,theta.csv
0.7833333333333333,0.55,0.7166666666666666,0.19999999999999998,0.675,W/o ma_ratio,the_graph.csv
0.5063931013975618,0.4968777876895629,0.5539696699375557,0.5081772227178115,0.4699672911091287,W/o ma_ratio,toncoin.csv
0.5955882352941176,0.5133272058823529,0.5382965686274509,0.4659926470588235,0.5430453431372549,W/o ma_ratio,tron.csv
0.48111804936068986,0.4912280701754386,0.5306274159976212,0.528694617900684,0.4640202200416295,W/o ma_ratio,uniswap.csv
0.4447439353099731,0.7099430967355496,0.7232704402515724,0.469601677148847,0.3999700509134472,W/o ma_ratio,usd_coin.csv
0.4149639423076923,0.4729567307692308,0.4486177884615385,0.4657451923076923,0.4547776442307692,W/o ma_ratio,vechain.csv
0.4494047619047619,0.5245535714285714,0.4979166666666667,0.475297619047619,0.5328869047619048,W/o ma_ratio,xrp.csv
