Date,Close,High,Low,Open,Volume
2023-03-23,1.3310819864273071,11.796991348266602,1.104477047920227,11.796991348266602,2314949442
2023-03-24,1.2724920511245728,1.5558719635009766,1.1860599517822266,1.325395941734314,2537709581
2023-03-25,1.2247049808502195,1.3072320222854614,1.1929700374603271,1.272392988204956,1294894243
2023-03-26,1.2833149433135986,1.3418530225753784,1.2080919742584229,1.2241170406341553,1059587959
2023-03-27,1.1627049446105957,1.3202749490737915,1.124495029449463,1.2825210094451904,1014240603
2023-03-28,1.217756986618042,1.2204829454421997,1.12049400806427,1.16285502910614,696636270
2023-03-29,1.2241610288619995,1.2718050479888916,1.201920986175537,1.2179559469223022,791191358
2023-03-30,1.379040002822876,1.418584942817688,1.2244739532470703,1.2244739532470703,1860326377
2023-03-31,1.3943849802017212,1.4347790479660034,1.3425860404968262,1.3785090446472168,1023537825
2023-04-01,1.27143394947052,1.4011820554733276,1.2691789865493774,1.3936660289764404,708114802
2023-04-02,1.199810028076172,1.297124981880188,1.1415400505065918,1.2941980361938477,1060389104
2023-04-03,1.1559460163116455,1.2243069410324097,1.113402009010315,1.2005590200424194,910113344
2023-04-04,1.2350339889526367,1.2622369527816772,1.1512839794158936,1.155964970588684,741794294
2023-04-05,1.2437399625778198,1.2849509716033936,1.212959051132202,1.234910011291504,681537437
2023-04-06,1.2131710052490234,1.244223952293396,1.185613989830017,1.243623971939087,389645869
2023-04-07,1.1975510120391846,1.2423399686813354,1.1856410503387451,1.2131810188293457,331234273
2023-04-08,1.1630359888076782,1.2083109617233276,1.1572779417037964,1.197363018989563,238160037
2023-04-09,1.1838949918746948,1.1935549974441528,1.1525100469589231,1.1627819538116455,250921874
2023-04-10,1.24275803565979,1.247944951057434,1.1660000085830688,1.1838459968566897,391761283
2023-04-11,1.2176369428634644,1.2527389526367188,1.212962031364441,1.2428489923477173,329521306
2023-04-12,1.200773000717163,1.2183400392532349,1.1661479473114014,1.2177749872207642,344433781
2023-04-13,1.365628957748413,1.3718969821929932,1.1842269897460938,1.194301962852478,1053950856
2023-04-14,1.688148021697998,1.7194960117340088,1.3664560317993164,1.3664560317993164,2927617181
2023-04-15,1.6488920450210571,1.733044981956482,1.6247069835662842,1.6878670454025269,1552620817
2023-04-16,1.698544979095459,1.7075320482254028,1.5978070497512815,1.6494669914245603,1105455426
2023-04-17,1.6124279499053955,1.6988279819488523,1.598109006881714,1.6988279819488523,881877178
2023-04-18,1.673696994781494,1.801118016242981,1.5976279973983765,1.6127949953079224,1701258535
2023-04-19,1.4903759956359863,1.6865179538726809,1.4693859815597534,1.672816038131714,1454168810
2023-04-20,1.440727949142456,1.5357270240783691,1.4115289449691772,1.4901599884033203,1189420145
2023-04-21,1.4702839851379397,1.4950720071792605,1.4183980226516724,1.4405579566955566,1115630340
2023-04-22,1.464298963546753,1.496495008468628,1.4336730241775513,1.4703749418258667,743368253
2023-04-23,1.3392419815063477,1.4638930559158323,1.316033959388733,1.4637750387191772,624706911
2023-04-24,1.3383439779281616,1.3616570234298706,1.2937389612197876,1.3391979932785034,645855049
2023-04-25,1.379554033279419,1.3810479640960691,1.3004330396652222,1.3382970094680786,636337759
2023-04-26,1.3846579790115356,1.4946459531784058,1.341212034225464,1.3791769742965698,1232822646
2023-04-27,1.4229340553283691,1.448855996131897,1.382341980934143,1.3847429752349854,747265158
2023-04-28,1.382446050643921,1.4391649961471558,1.369258999824524,1.4230040311813354,413908770
2023-04-29,1.3659030199050903,1.3930859565734863,1.354599952697754,1.382539987564087,215575734
2023-04-30,1.3717069625854492,1.4198520183563232,1.3515479564666748,1.3667399883270264,327616504
2023-05-01,1.318910002708435,1.3832080364227295,1.298977017402649,1.3711609840393066,356398972
2023-05-02,1.3504010438919067,1.3561530113220217,1.311579942703247,1.3189749717712402,254784454
2023-05-03,1.34404194355011,1.3596880435943604,1.3029110431671145,1.350013017654419,336691117
2023-05-04,1.3176790475845337,1.3603310585021973,1.3130680322647097,1.3439699411392212,283495042
2023-05-05,1.357064962387085,1.3617839813232422,1.3048269748687744,1.3175510168075562,350364919
2023-05-06,1.2435410022735596,1.364894986152649,1.2264020442962646,1.3571699857711792,470538106
2023-05-07,1.226693034172058,1.2588059902191162,1.2264670133590698,1.2432940006256104,237878549
2023-05-08,1.0929290056228638,1.2280529737472534,1.0581179857254028,1.2268229722976685,603038520
2023-05-09,1.1033190488815308,1.111881971359253,1.0823800563812256,1.0931910276412964,300098145
2023-05-10,1.1735010147094729,1.195618987083435,1.101781964302063,1.103248953819275,667566187
2023-05-11,1.092018961906433,1.1733189821243286,1.0643939971923828,1.1733189821243286,397695624
2023-05-12,1.171849012374878,1.172463059425354,1.0692239999771118,1.0918760299682615,472491168
2023-05-13,1.1708409786224363,1.187199950218201,1.1478519439697266,1.1718709468841553,256825622
2023-05-14,1.1732439994812012,1.2011760473251345,1.1494070291519165,1.1709020137786863,224712311
2023-05-15,1.1932729482650757,1.2258360385894775,1.1548609733581543,1.1732499599456787,319983620
2023-05-16,1.1791609525680542,1.20625102519989,1.1680890321731567,1.1933649778366089,251756631
2023-05-17,1.1995960474014282,1.2081149816513062,1.140097975730896,1.1791460514068604,277650193
2023-05-18,1.1564810276031494,1.208644986152649,1.1448110342025757,1.199404001235962,233804274
2023-05-19,1.1632000207901,1.1695799827575684,1.146538019180298,1.156667947769165,156591216
2023-05-20,1.1630209684371948,1.1677169799804688,1.1540950536727903,1.1631920337677002,87251959
2023-05-21,1.127568006515503,1.1694560050964355,1.1212929487228394,1.1630810499191284,124693908
2023-05-22,1.1257059574127195,1.1359100341796875,1.112542986869812,1.1275700330734253,120836586
2023-05-23,1.1670149564743042,1.1763499975204468,1.1216100454330444,1.1256810426712036,178954830
2023-05-24,1.1102440357208252,1.1670759916305542,1.091243028640747,1.1669830083847046,219343773
2023-05-25,1.1069400310516355,1.112475037574768,1.0761990547180176,1.1102190017700195,180827907
2023-05-26,1.1607969999313354,1.1762679815292358,1.1056610345840454,1.1069480180740356,267095332
2023-05-27,1.173282027244568,1.1759660243988037,1.1553399562835691,1.1607860326766968,142464608
2023-05-28,1.248000979423523,1.2518290281295776,1.168097972869873,1.173282027244568,289924680
2023-05-29,1.2273679971694946,1.2707669734954834,1.216060996055603,1.2478649616241455,317621279
2023-05-30,1.2222130298614502,1.242691993713379,1.2162469625473022,1.2271089553833008,248649066
2023-05-31,1.161829948425293,1.232306957244873,1.1455459594726562,1.2221499681472778,247936474
2023-06-01,1.1469759941101074,1.165889024734497,1.1362630128860474,1.1617670059204102,145876831
2023-06-02,1.240054965019226,1.2507070302963257,1.1408469676971436,1.14695405960083,353786293
2023-06-03,1.215459942817688,1.2515089511871338,1.2100330591201782,1.2404409646987915,180023449
2023-06-04,1.2108819484710691,1.2318520545959473,1.2057770490646362,1.2155170440673828,119644832
2023-06-05,1.137948989868164,1.210824966430664,1.090185046195984,1.210824966430664,429584068
2023-06-06,1.1865899562835691,1.1953810453414917,1.1153030395507812,1.137637972831726,365234570
2023-06-07,1.1261810064315796,1.1918189525604248,1.122012972831726,1.1866790056228638,255381449
2023-06-08,1.1299840211868286,1.146206974983215,1.1119250059127808,1.126183032989502,167168010
2023-06-09,1.1307719945907593,1.1498039960861206,1.1212389469146729,1.129992961883545,137259316
2023-06-10,0.9927240014076232,1.1321179866790771,0.9487500190734864,1.1308139562606812,663028529
2023-06-11,0.9919700026512146,1.0143239498138428,0.980672001838684,0.9928230047225952,209665450
2023-06-12,0.9779589772224426,0.9953920245170592,0.9608299732208252,0.9918609857559204,254007222
2023-06-13,0.9907119870185852,1.027176022529602,0.9717530012130736,0.9780290126800536,279215711
2023-06-14,0.94125097990036,1.0053600072860718,0.9285069704055786,0.9907119870185852,217709083
2023-06-15,0.9489279985427856,0.9558830261230468,0.9141600131988524,0.9412689805030824,197852936
2023-06-16,0.9747139811515808,0.9813920259475708,0.9296680092811584,0.9490110278129578,167171529
2023-06-17,0.9935879707336426,1.0079489946365356,0.9688760042190552,0.9747530221939088,147979478
2023-06-18,0.9941070079803468,1.0209399461746216,0.985381007194519,0.993520975112915,149362004
2023-06-19,1.006471037864685,1.0132060050964355,0.9885590076446532,0.9941070079803468,129810534
2023-06-20,1.0842180252075195,1.085157036781311,0.9875789880752563,1.006538987159729,256933759
2023-06-21,1.1414469480514526,1.146643042564392,1.07914400100708,1.084203004837036,367108635
2023-06-22,1.0907609462738037,1.1719820499420166,1.0885980129241943,1.1415200233459473,296619698
2023-06-23,1.134183049201965,1.1536409854888916,1.0904309749603271,1.0906809568405151,271055238
2023-06-24,1.079045057296753,1.1349389553070068,1.065999984741211,1.1344690322875977,190405943
2023-06-25,1.111711025238037,1.1324859857559204,1.0761610269546509,1.0789690017700195,213130908
2023-06-26,1.141131043434143,1.1679329872131348,1.0880520343780518,1.11183500289917,397627005
2023-06-27,1.2059290409088137,1.2386449575424194,1.1403100490570068,1.141203999519348,415619558
2023-06-28,1.1241780519485474,1.206151008605957,1.1203750371932983,1.2060359716415403,323465535
2023-06-29,1.1301699876785278,1.1634479761123655,1.122897982597351,1.12385094165802,224523425
2023-06-30,1.1599669456481934,1.1918209791183472,1.103050947189331,1.130079984664917,490360354
2023-07-01,1.150357961654663,1.165742039680481,1.1393539905548096,1.1604959964752195,163206608
2023-07-02,1.1507339477539062,1.1588150262832642,1.1281360387802124,1.1502219438552856,156842326
2023-07-03,1.1667300462722778,1.181046962738037,1.1505149602890017,1.1507469415664673,194372751
2023-07-04,1.1493990421295166,1.191982984542847,1.1493990421295166,1.166852951049805,179135518
2023-07-05,1.1112099885940552,1.1545530557632446,1.0992690324783323,1.1495369672775269,161507719
2023-07-06,1.076563000679016,1.1405359506607056,1.076563000679016,1.1111949682235718,196827758
2023-07-07,1.1302490234375,1.1302490234375,1.0652389526367188,1.0761170387268066,199389668
2023-07-08,1.1256790161132812,1.1443170309066772,1.1140199899673462,1.130424976348877,121619325
2023-07-09,1.1245189905166626,1.139266014099121,1.1230889558792114,1.1256330013275146,119691730
2023-07-10,1.121469020843506,1.140450954437256,1.1030930280685425,1.12459397315979,143539208
2023-07-11,1.1253160238265991,1.1319990158081057,1.1140379905700684,1.1215410232543943,101536264
2023-07-12,1.1216089725494385,1.1375080347061155,1.114724040031433,1.125288009643555,134063909
2023-07-13,1.2241270542144775,1.2406150102615356,1.1139140129089355,1.1214699745178225,311705247
2023-07-14,1.2107069492340088,1.3159739971160889,1.1749130487442017,1.2239710092544556,612558009
2023-07-15,1.2672970294952393,1.3193399906158447,1.207610011100769,1.2105920314788818,413887167
2023-07-16,1.271381974220276,1.3030380010604858,1.2498819828033447,1.2678450345993042,266897560
2023-07-17,1.3019119501113892,1.341992974281311,1.2594280242919922,1.271420955657959,447631087
2023-07-18,1.2436009645462036,1.325214982032776,1.2360429763793943,1.3021700382232666,342604521
2023-07-19,1.2680490016937256,1.2906910181045532,1.2372159957885742,1.2438340187072754,267922366
2023-07-20,1.2606619596481323,1.2793420553207395,1.246883988380432,1.268213987350464,246023485
2023-07-21,1.2368340492248535,1.2927800416946411,1.2368340492248535,1.2606459856033323,191886111
2023-07-22,1.225481033325195,1.2502039670944214,1.2216249704360962,1.2367379665374756,96648124
2023-07-23,1.2510850429534912,1.265516996383667,1.2221230268478394,1.2256159782409668,128102960
2023-07-24,1.1869629621505735,1.2526799440383911,1.1752469539642334,1.2509779930114746,181943126
2023-07-25,1.168684005737305,1.1926440000534058,1.1626219749450684,1.186974048614502,111603845
2023-07-26,1.19679594039917,1.2018369436264038,1.155771017074585,1.168745994567871,146716848
2023-07-27,1.172584056854248,1.205346941947937,1.1711900234222412,1.1970230340957642,96392470
2023-07-28,1.1746779680252075,1.1787229776382446,1.159687042236328,1.1724640130996704,82858105
2023-07-29,1.1821119785308838,1.1829349994659424,1.172793984413147,1.1745569705963137,44348102
2023-07-30,1.1580909490585327,1.1867300271987915,1.149616003036499,1.1822199821472168,93701638
2023-07-31,1.1685830354690552,1.188884973526001,1.155307054519653,1.158079981803894,129244324
2023-08-01,1.1598739624023438,1.1736470460891724,1.1306979656219482,1.1685659885406494,137359443
2023-08-02,1.1324690580368042,1.17215895652771,1.129080057144165,1.1602120399475098,131956944
2023-08-03,1.12921404838562,1.147603988647461,1.122215986251831,1.1326090097427368,117271482
2023-08-04,1.1553759574890137,1.163172960281372,1.1288210153579712,1.1291120052337646,125705719
2023-08-05,1.1370450258255005,1.1562860012054443,1.13571298122406,1.1554460525512695,112218385
2023-08-06,1.1365950107574463,1.14512300491333,1.1307220458984375,1.1370420455932615,112459443
2023-08-07,1.133563995361328,1.1508710384368896,1.1153199672698977,1.1365649700164795,161142923
2023-08-08,1.1603180170059204,1.1709870100021362,1.1318390369415283,1.1335320472717283,168101649
2023-08-09,1.1757550239562988,1.1900839805603027,1.1601649522781372,1.1603269577026367,219304591
2023-08-10,1.1593910455703735,1.1863529682159424,1.1568870544433594,1.1756110191345217,158111490
2023-08-11,1.1575579643249512,1.1627520322799685,1.1523829698562622,1.159440994262695,112438249
2023-08-12,1.163032054901123,1.1658799648284912,1.1552900075912476,1.1575579643249512,96733828
2023-08-13,1.1444480419158936,1.1663320064544678,1.143692970275879,1.1630109548568726,110272036
2023-08-14,1.14130699634552,1.1507630348205566,1.1357660293579102,1.1444120407104492,118177345
2023-08-15,1.130025029182434,1.1609280109405518,1.1262860298156738,1.1413099765777588,166884757
2023-08-16,1.0474580526351929,1.132841944694519,1.0353200435638428,1.1299779415130615,232190438
2023-08-17,0.9852359890937804,1.0617010593414309,0.9493330121040344,1.0475269556045532,313553571
2023-08-18,1.006667971611023,1.0222070217132568,0.9828159809112548,0.9854459762573242,197687076
2023-08-19,1.0199259519577026,1.0306600332260132,1.005910038948059,1.0067399740219116,121176317
2023-08-20,1.0305780172348022,1.038804054260254,1.017899990081787,1.0200799703598022,136090110
2023-08-21,0.9969959855079652,1.0325560569763184,0.985504984855652,1.0303759574890137,153690386
2023-08-22,0.9793310165405272,1.002818942070007,0.9481120109558104,0.9965770244598388,177989266
2023-08-23,1.0081160068511963,1.0241509675979614,0.9784690141677856,0.9796339869499208,157630019
2023-08-24,0.9801509976387024,1.0128220319747925,0.968537986278534,1.0082030296325684,134163436
2023-08-25,0.9480190277099608,0.9801509976387024,0.9348009824752808,0.9801390171051024,152807294
2023-08-26,0.9504299759864808,0.9525430202484132,0.939494013786316,0.9479609727859496,97285594
2023-08-27,0.9577620029449464,0.9633560180664062,0.9469280242919922,0.9503790140151978,100872714
2023-08-28,0.9486039876937866,0.9587399959564208,0.9281920194625854,0.9577630162239076,111595935
2023-08-29,0.9710760116577148,0.9920910000801086,0.9349899888038636,0.9486070275306702,173707695
2023-08-30,0.9432039856910706,0.9717490077018738,0.940900981426239,0.971180021762848,136151117
2023-08-31,0.9154000282287598,0.9566029906272888,0.9081940054893494,0.943175971508026,165199345
2023-09-01,0.8843910098075867,0.9271690249443054,0.8761929869651794,0.9154580235481262,147509809
2023-09-02,0.8881250023841858,0.8932440280914307,0.8784059882164001,0.8843979835510254,97566692
2023-09-03,0.9046890139579772,0.9072970151901244,0.8817539811134338,0.8881289958953857,92334329
2023-09-04,0.8960379958152771,0.92399799823761,0.8863800168037415,0.904653012752533,109162886
2023-09-05,0.9009699821472168,0.9096620082855223,0.8849869966506958,0.8959760069847107,90298807
2023-09-06,0.9010810256004332,0.908581018447876,0.8839280009269714,0.9009420275688172,102174372
2023-09-07,0.9118490219116212,0.918819010257721,0.8979730010032654,0.9011070132255554,86022459
2023-09-08,0.9019140005111694,0.920753002166748,0.8950830101966858,0.9121429920196532,89731080
2023-09-09,0.8986170291900635,0.9024620056152344,0.8967810273170471,0.9019050002098083,47225857
2023-09-10,0.8441230058670044,0.8986520171165466,0.8350499868392944,0.8986179828643799,151290624
2023-09-11,0.7610599994659424,0.8469570279121399,0.7453410029411316,0.8441709876060486,277850332
2023-09-12,0.7833459973335266,0.7972480058670044,0.7550259828567505,0.7610830068588257,202448850
2023-09-13,0.7866079807281494,0.8138769865036011,0.7756950259208679,0.7834479808807373,170537058
2023-09-14,0.8044080138206482,0.8150209784507751,0.7845730185508728,0.7865070104598999,128167828
2023-09-15,0.8084419965744019,0.8123070001602173,0.7871350049972534,0.8043590188026428,105910572
2023-09-16,0.8273990154266357,0.8327659964561462,0.8077020049095154,0.8082460165023804,107369273
2023-09-17,0.7946329712867737,0.8276500105857849,0.7874460220336914,0.827422022819519,83942282
2023-09-18,0.8244929909706116,0.8381779789924622,0.787335991859436,0.7945809960365295,136206067
2023-09-19,0.8610190153121948,0.8610190153121948,0.8209760189056396,0.8244699835777283,121863731
2023-09-20,0.8592590093612671,0.8676499724388123,0.8381180167198181,0.8610360026359558,135346832
2023-09-21,0.8231620192527771,0.862546980381012,0.8131870031356812,0.8593659996986389,138166703
2023-09-22,0.8406779766082764,0.8458840250968933,0.8186179995536804,0.8231430053710938,86243558
2023-09-23,0.8216019868850708,0.8469740152359009,0.8196750283241272,0.8406829833984375,62344459
2023-09-24,0.8084269762039185,0.8305119872093201,0.8078359961509705,0.8216170072555542,64964487
2023-09-25,0.8071140050888062,0.8177719712257385,0.8049799799919128,0.8084110021591187,74837935
2023-09-26,0.8250259757041931,0.8250259757041931,0.8065710067749023,0.8070780038833618,70330374
2023-09-27,0.8175770044326782,0.8425120115280151,0.8139060139656067,0.8250499963760376,74294195
2023-09-28,0.8910840153694153,0.8979700207710266,0.8169119954109192,0.8175719976425171,143991046
2023-09-29,0.9033790230751038,0.9117860198020936,0.8842260241508484,0.891120970249176,159827291
2023-09-30,0.9085729718208312,0.9223340153694152,0.8941050171852112,0.9032769799232484,106737146
2023-10-01,0.969763994216919,0.9790390133857728,0.9082350134849548,0.9084650278091432,168648925
2023-10-02,0.9313079714775084,0.9843069911003112,0.9213569760322572,0.9697710275650024,205131751
2023-10-03,0.9061779975891112,0.9424620270729064,0.90345299243927,0.931326985359192,156735492
2023-10-04,0.8846169710159302,0.9066609740257264,0.8697019815444946,0.9061710238456726,163616706
2023-10-05,0.8581550121307373,0.8902829885482788,0.855508029460907,0.8846049904823303,119742906
2023-10-06,0.8898860216140747,0.894690990447998,0.8580030202865601,0.8580459952354431,117360720
2023-10-07,0.8693270087242126,0.8944240212440491,0.8689200282096863,0.8899329900741577,83279703
2023-10-08,0.848114013671875,0.8746690154075623,0.8433520197868347,0.8693810105323792,89419328
2023-10-09,0.8193230032920837,0.8555819988250732,0.7964289784431458,0.8481109738349915,134268750
2023-10-10,0.8235380053520203,0.8283849954605103,0.8139879703521729,0.8192819952964783,81311198
2023-10-11,0.8150429725646973,0.8261100053787231,0.8024309873580933,0.8234800100326538,94492016
2023-10-12,0.8034729957580566,0.8253909945487976,0.7915269732475281,0.8150759935379028,122235508
2023-10-13,0.8074340224266052,0.8169729709625244,0.7993040084838867,0.8034430146217346,111557280
2023-10-14,0.8040410280227661,0.8123670220375061,0.8033649921417236,0.8074020147323608,53711325
2023-10-15,0.8037639856338501,0.810217022895813,0.799701988697052,0.8040300011634827,63259156
2023-10-16,0.8208460211753845,0.8395370244979858,0.8038240075111389,0.8038240075111389,163515819
2023-10-17,0.7856979966163635,0.8212000131607056,0.784633994102478,0.8207889795303345,115186567
2023-10-18,0.7829530239105225,0.7966409921646118,0.7781059741973877,0.7857139706611633,92114511
2023-10-19,0.7688220143318176,0.7844979763031006,0.7670810222625732,0.7829260230064392,97241645
2023-10-20,0.8003060221672058,0.8091670274734497,0.7680919766426086,0.768996000289917,150277290
2023-10-21,0.8329600095748901,0.8386359810829163,0.7969139814376831,0.8003259897232056,133519782
2023-10-22,0.8496659994125366,0.8506829738616943,0.8236349821090698,0.8329769968986511,152164257
2023-10-23,0.880827009677887,0.8815810084342957,0.8324670195579529,0.8540909886360168,273687241
2023-10-24,0.8986160159111023,0.9407680034637452,0.8726369738578796,0.8810160160064697,375287082
2023-10-25,0.9216539859771729,0.9225419759750366,0.8766779899597168,0.8987740278244019,262456288
2023-10-26,0.9377599954605104,0.9930739998817444,0.9188609719276428,0.921662986278534,444133706
2023-10-27,0.9157570004463196,0.937870979309082,0.8910189867019653,0.9378380179405212,224286244
2023-10-28,0.9195119738578796,0.931527018547058,0.914726972579956,0.9157220125198364,127987635
2023-10-29,0.9468200206756592,0.9534419775009156,0.9089059829711914,0.919510006904602,165837508
2023-10-30,0.9656879901885986,0.9660620093345642,0.9283810257911682,0.9468809962272644,229179093
2023-10-31,0.9448530077934264,0.9809409976005554,0.9221540093421936,0.9656909704208374,301236020
2023-11-01,1.036895990371704,1.0371170043945312,0.9284579753875732,0.9448009729385376,449140294
2023-11-02,0.9909030199050904,1.0398980379104614,0.96220201253891,1.0370290279388428,379490924
2023-11-03,1.0626670122146606,1.0732990503311155,0.9407860040664672,0.990909993648529,469037428
2023-11-04,1.0962539911270142,1.1127150058746338,1.0503569841384888,1.062445044517517,351651163
2023-11-05,1.0933109521865845,1.1104300022125244,1.0667710304260254,1.096773982048035,319369630
2023-11-06,1.1234350204467771,1.1358569860458374,1.0705950260162354,1.093140959739685,363841109
2023-11-07,1.0846530199050903,1.1235569715499878,1.052072048187256,1.1234519481658936,373619969
2023-11-08,1.0951629877090454,1.096369981765747,1.0654679536819458,1.084542989730835,330532469
2023-11-09,1.2066099643707275,1.2136449813842771,1.0683530569076538,1.0945830345153809,789029710
2023-11-10,1.1761360168457031,1.2151600122451782,1.133689045906067,1.206926941871643,515474209
2023-11-11,1.137662053108215,1.1793659925460815,1.123365044593811,1.1755369901657104,435216657
2023-11-12,1.154507040977478,1.1681619882583618,1.1038509607315063,1.1377370357513428,408036651
2023-11-13,1.1221179962158203,1.1918050050735474,1.1221179962158203,1.1548269987106323,543896736
2023-11-14,1.076874017715454,1.1212830543518066,1.047597050666809,1.1212830543518066,401928906
2023-11-15,1.143615961074829,1.1484650373458862,1.0757900476455688,1.076954960823059,335704517
2023-11-16,1.0789419412612915,1.1774450540542605,1.0735759735107422,1.143522024154663,526181678
2023-11-17,1.0416749715805054,1.1022310256958008,1.007207989692688,1.0790519714355469,403690344
2023-11-18,1.0320980548858645,1.0428719520568848,0.9910939931869508,1.0423990488052368,264079765
2023-11-19,1.049008011817932,1.049193024635315,1.014744997024536,1.0321660041809082,259884903
2023-11-20,1.0297859907150269,1.0716969966888428,1.029703974723816,1.0486420392990112,297141800
2023-11-21,0.9585300087928772,1.0488890409469604,0.9580159783363342,1.02987802028656,358346090
2023-11-22,1.0200090408325195,1.033599019050598,0.9547100067138672,0.9578589797019958,271471632
2023-11-23,1.016955018043518,1.043774962425232,1.0099459886550903,1.0199589729309082,184612693
2023-11-24,1.0492650270462036,1.0745079517364502,1.015949010848999,1.0169609785079956,253667800
2023-11-25,1.0667070150375366,1.0794789791107178,1.0472700595855713,1.049299955368042,174608395
2023-11-26,1.0377739667892456,1.0708290338516235,1.0191960334777832,1.0666940212249756,190089762
2023-11-27,1.0168629884719849,1.041308045387268,0.9949010014533995,1.03773295879364,209508675
2023-11-28,1.017480969429016,1.0300190448760986,0.9904639720916748,1.0167930126190186,192160654
2023-11-29,1.0080749988555908,1.0290570259094238,0.998453974723816,1.0174729824066162,183095307
2023-11-30,1.006898045539856,1.0162609815597534,1.0007599592208862,1.0081700086593628,145968727
2023-12-01,1.0336780548095703,1.0459539890289309,1.002985954284668,1.0069210529327393,231518841
2023-12-02,1.1103090047836304,1.115198016166687,1.0327119827270508,1.0335769653320312,292810286
2023-12-03,1.1004250049591064,1.1220810413360596,1.0865600109100342,1.1103930473327637,242626178
2023-12-04,1.0902639627456665,1.1449650526046753,1.0695879459381104,1.1002730131149292,534353041
2023-12-05,1.0932279825210571,1.10418701171875,1.0530879497528076,1.090432047843933,389267656
2023-12-06,1.058763027191162,1.1094119548797607,1.0581120252609253,1.0927759408950806,355499870
2023-12-07,1.1698620319366455,1.18968403339386,1.0443700551986694,1.0590009689331057,757716151
2023-12-08,1.1663650274276731,1.193235993385315,1.1511280536651611,1.170083999633789,464781791
2023-12-09,1.1410959959030151,1.236415982246399,1.137233018875122,1.1663639545440674,608207131
2023-12-10,1.1542619466781616,1.1630280017852783,1.1273870468139648,1.1409989595413208,290711349
2023-12-11,1.0958069562911987,1.1600079536437988,1.0641930103302002,1.1544599533081057,623310538
2023-12-12,1.2521100044250488,1.2521100044250488,1.0947819948196411,1.095687985420227,801221521
2023-12-13,1.1847310066223145,1.2514499425888062,1.1173830032348633,1.2514499425888062,725762126
2023-12-14,1.1830270290374756,1.2014329433441162,1.146268010139465,1.184669017791748,422628576
2023-12-15,1.10144305229187,1.183305025100708,1.10144305229187,1.1830379962921145,277885087
2023-12-16,1.1226049661636353,1.149325966835022,1.0877549648284912,1.1014889478683472,273564145
2023-12-17,1.106660008430481,1.1333500146865845,1.095108985900879,1.1227879524230957,241078501
2023-12-18,1.100504994392395,1.1131700277328491,1.0407500267028809,1.1067750453948977,323084766
2023-12-19,1.0744149684906006,1.1186310052871704,1.067999005317688,1.1005189418792725,287532065
2023-12-20,1.1039570569992063,1.1301089525222778,1.0722090005874634,1.074409008026123,322698862
2023-12-21,1.1558979749679563,1.158046007156372,1.0976550579071045,1.1041489839553833,375171498
2023-12-22,1.4262759685516355,1.4374639987945557,1.1469650268554688,1.155890941619873,1604350073
2023-12-23,1.3938809633255005,1.4459530115127563,1.3195220232009888,1.4258019924163818,838269933
2023-12-24,1.3572670221328735,1.4566919803619385,1.3494089841842651,1.3940140008926392,785935800
2023-12-25,1.3918410539627075,1.3959729671478271,1.3438129425048828,1.3572310209274292,547546354
2023-12-26,1.325163960456848,1.4019670486450195,1.266875982284546,1.392001032829285,570560992
2023-12-27,1.502941012382507,1.5344669818878174,1.2776999473571775,1.3252710103988647,1068456602
2023-12-28,1.4742159843444824,1.65966796875,1.473773956298828,1.5032609701156616,1199815769
2023-12-29,1.5049699544906616,1.542296051979065,1.4312269687652588,1.4745500087738037,795016713
2023-12-30,1.485651969909668,1.5261379480361938,1.4375829696655271,1.504809021949768,453790745
2023-12-31,1.5552059412002563,1.6560250520706177,1.4844210147857666,1.4851679801940918,779301092
2024-01-01,1.7351560592651367,1.7391239404678345,1.5213840007781982,1.555799961090088,736600434
2024-01-02,1.7715610265731812,1.831346035003662,1.7136369943618774,1.7352420091629028,1105169921
2024-01-03,1.910449981689453,2.0564088821411133,1.6976070404052734,1.7716039419174194,3384321119
2024-01-04,2.012167930603028,2.109278917312622,1.828240990638733,1.910841941833496,1702736214
2024-01-05,1.940247058868408,2.0149240493774414,1.8413180112838743,2.011141061782837,1233240696
2024-01-06,1.7484999895095823,1.955206036567688,1.710584044456482,1.9430210590362549,905497127
2024-01-07,1.7200419902801514,1.8783910274505613,1.702963948249817,1.7487260103225708,885488819
2024-01-08,1.821334958076477,1.854725003242493,1.586150050163269,1.7202249765396118,1292571252
2024-01-09,1.835978984832764,1.8426929712295528,1.631266951560974,1.8217400312423704,1139512594
2024-01-10,2.21924090385437,2.262985944747925,1.836127996444702,1.836127996444702,2537370985
2024-01-11,2.26501989364624,2.378783941268921,2.147006034851074,2.2213659286499023,1878577481
2024-01-12,2.202677011489868,2.397491931915283,2.1209990978240967,2.2639949321746826,1688443813
2024-01-13,2.1774699687957764,2.210905075073242,2.08625602722168,2.202056884765625,756777254
2024-01-14,2.029216051101685,2.1906421184539795,2.024652004241944,2.177123069763184,558634462
2024-01-15,2.110621929168701,2.1689178943634038,2.029388904571533,2.029388904571533,623415309
2024-01-16,2.152533054351806,2.196871042251587,2.051085948944092,2.109993934631348,706597837
2024-01-17,2.036410093307495,2.1607589721679688,2.0029759407043457,2.1526200771331787,511452364
2024-01-18,1.887127995491028,2.037254095077514,1.850188970565796,2.0364649295806885,675335831
2024-01-19,1.8523590564727783,1.899677038192749,1.732830047607422,1.88727605342865,666810427
2024-01-20,1.8092679977416992,1.853185057640076,1.7619760036468506,1.852668046951294,373380028
2024-01-21,1.8130359649658203,1.8994640111923216,1.7861950397491455,1.8103339672088623,422013128
2024-01-22,1.6855360269546509,1.829854965209961,1.6609159708023071,1.8137450218200684,712443401
2024-01-23,1.6892789602279663,1.7327460050582886,1.5515650510787964,1.6855579614639282,794548297
2024-01-24,1.7347749471664429,1.7398769855499268,1.6349539756774902,1.689417004585266,584286562
2024-01-25,1.730610966682434,1.7679239511489868,1.6427090167999268,1.735221028327942,453293450
2024-01-26,1.819031000137329,1.819031000137329,1.71411395072937,1.7304389476776123,528364632
2024-01-27,1.7962069511413574,1.8360979557037356,1.7756839990615845,1.8183720111846924,281784516
2024-01-28,1.7973419427871704,1.8952720165252688,1.7871750593185425,1.7962470054626465,440319850
2024-01-29,1.8525669574737549,1.857666015625,1.775365948677063,1.79755699634552,411260439
2024-01-30,1.88482403755188,1.9666550159454343,1.8390350341796875,1.852668046951294,633791769
2024-01-31,1.763800024986267,1.8872150182724,1.74862802028656,1.885099053382873,525213898
2024-02-01,1.7844959497451782,1.7860159873962402,1.6939799785614014,1.763746976852417,398059587
2024-02-02,1.791368007659912,1.813720941543579,1.7600330114364624,1.7845089435577393,297072923
2024-02-03,1.7653779983520508,1.8349579572677608,1.7650070190429688,1.7913390398025513,212251636
2024-02-04,1.7317630052566528,1.7744090557098389,1.7264440059661863,1.7653019428253174,205221746
2024-02-05,1.7332290410995483,1.7846239805221558,1.7058229446411133,1.7318229675292969,248781369
2024-02-06,1.8300869464874268,1.8712730407714844,1.728937029838562,1.7331969738006592,504975096
2024-02-07,1.897009015083313,1.9291410446166992,1.812190055847168,1.8300780057907104,458608037
2024-02-08,1.8644089698791504,1.9253380298614504,1.863360047340393,1.8970810174942017,368536199
2024-02-09,1.981112003326416,1.9976149797439573,1.8638670444488523,1.8643759489059448,451987280
2024-02-10,1.9613699913024905,2.0172760486602783,1.941267013549805,1.9812159538269043,245943076
2024-02-11,1.94050395488739,2.0056519508361816,1.9353710412979128,1.9614020586013796,238023304
2024-02-12,2.0780189037323,2.0798180103302,1.916293978691101,1.9407919645309448,465921130
2024-02-13,2.046921968460083,2.104978084564209,1.996148943901062,2.0776889324188232,431225127
2024-02-14,2.11355209350586,2.122514009475708,2.0161519050598145,2.046855926513672,398908298
2024-02-15,2.07207989692688,2.169822931289673,2.043956995010376,2.113317012786865,494067916
2024-02-16,2.0129690170288086,2.0936150550842285,1.980173945426941,2.0722060203552246,364954780
2024-02-17,1.969316005706787,2.0184988975524902,1.9129019975662231,2.0129189491271973,235277515
2024-02-18,2.0353400707244877,2.0488009452819824,1.947090029716492,1.9693479537963867,276993691
2024-02-19,2.053932905197144,2.0970089435577397,2.0194320678710938,2.035567045211792,395746408
2024-02-20,2.010828971862793,2.074548959732056,1.910850048065185,2.053950071334839,666450000
2024-02-21,1.8776880502700808,2.015836000442505,1.8116179704666135,2.010673999786377,511962215
2024-02-22,1.8073220252990725,1.8949509859085083,1.7922099828720093,1.8776259422302248,442368773
2024-02-23,1.800605058670044,1.825515985488892,1.7433229684829712,1.8069779872894287,393790046
2024-02-24,1.84497594833374,1.8496030569076536,1.7543050050735474,1.8006360530853271,274142282
2024-02-25,1.9012049436569212,1.9012049436569212,1.8322949409484863,1.8449269533157349,300313076
2024-02-26,1.9301209449768064,1.9536889791488647,1.8110040426254272,1.9013659954071045,439095078
2024-02-27,1.8954230546951292,1.954100012779236,1.876479983329773,1.9301379919052124,456140083
2024-02-28,1.902629017829895,1.9763569831848145,1.8190430402755735,1.895475029945373,789288374
2024-02-29,1.9451420307159424,2.067884922027588,1.8881069421768188,1.9025360345840452,1052525091
2024-03-01,1.9895620346069336,2.0112709999084477,1.9437060356140137,1.944653034210205,496174284
2024-03-02,2.0247340202331543,2.0247340202331543,1.960201978683472,1.9896249771118164,554293629
2024-03-03,2.0462958812713623,2.1917989253997803,1.999351978302002,2.0250630378723145,1142361298
2024-03-04,1.9829790592193604,2.0690391063690186,1.9269989728927608,2.0458710193634038,813833802
2024-03-05,1.969781994819641,2.17182993888855,1.8269449472427368,1.9832539558410645,2120320570
2024-03-06,2.052874088287353,2.1419711112976074,1.926975965499878,1.9697790145874023,1042968084
2024-03-07,2.16778302192688,2.186000108718872,2.021404981613159,2.052874088287353,873516997
2024-03-08,2.1393609046936035,2.276319026947021,2.108738899230957,2.167762041091919,1030337086
2024-03-09,2.09906005859375,2.166836977005005,2.084038019180298,2.1393609046936035,514955855
2024-03-10,2.0681960582733154,2.1282479763031006,2.009166955947876,2.099061965942383,614574685
2024-03-11,2.082958936691284,2.1409459114074707,1.992195963859558,2.068202018737793,831217688
2024-03-12,2.017469882965088,2.0967390537261963,1.932373046875,2.082958936691284,762310480
2024-03-13,2.1178340911865234,2.2529120445251465,2.0174379348754883,2.017469882965088,1261830951
2024-03-14,2.0148329734802246,2.1178340911865234,1.9415600299835205,2.1178340911865234,954399402
2024-03-15,1.88544499874115,2.031258106231689,1.810243010520935,2.0148329734802246,941997889
2024-03-16,1.759016990661621,1.9532630443573,1.7197259664535522,1.8854329586029053,1037970776
2024-03-17,1.733432054519653,1.7712860107421875,1.6240309476852417,1.759016990661621,779446750
2024-03-18,1.6215169429779053,1.7362940311431885,1.600322961807251,1.7341550588607788,890503800
2024-03-19,1.6278669834136963,1.672443985939026,1.4493319988250732,1.6215169429779053,1397626318
2024-03-20,1.7468279600143433,1.764657974243164,1.5544949769973757,1.6278669834136963,1227861377
2024-03-21,1.6837129592895508,1.7942980527877808,1.6771329641342163,1.7468279600143433,802239593
2024-03-22,1.6003819704055786,1.6936030387878418,1.56705904006958,1.683716058731079,555738122
2024-03-23,1.5979909896850586,1.6354960203170776,1.584936022758484,1.6003930568695068,356923516
2024-03-24,1.6710610389709473,1.6740299463272097,1.5895739793777466,1.5980110168457031,391189030
2024-03-25,1.7239789962768557,1.7485339641571045,1.649685978889465,1.6710549592971802,547873309
2024-03-26,1.701467990875244,1.7520129680633545,1.6666580438613892,1.7239789962768557,526173757
2024-03-27,1.6551580429077148,1.739501953125,1.6291500329971311,1.701467990875244,550502880
2024-03-28,1.666725993156433,1.6951229572296145,1.6289650201797483,1.6551580429077148,374335941
2024-03-29,1.6459959745407104,1.6677939891815186,1.6162179708480835,1.666725993156433,299111291
2024-03-30,1.6423389911651611,1.677109956741333,1.634255051612854,1.6459959745407104,256397865
2024-03-31,1.663377046585083,1.6887400150299072,1.634261965751648,1.6423189640045166,225496709
2024-04-01,1.569314956665039,1.6633620262145996,1.5346599817276,1.6633620262145996,422532101
2024-04-02,1.4486019611358645,1.569324016571045,1.433791995048523,1.569314956665039,572323170
2024-04-03,1.4791940450668335,1.5021480321884155,1.403427004814148,1.4486030340194702,374705017
2024-04-04,1.4594470262527466,1.509045958518982,1.438423991203308,1.4791799783706665,320741288
2024-04-05,1.4346710443496704,1.4619489908218384,1.389193058013916,1.4594199657440186,313976571
2024-04-06,1.488966941833496,1.5003780126571655,1.4287060499191284,1.4346710443496704,196076697
2024-04-07,1.5303200483322144,1.5309250354766846,1.4827810525894165,1.488966941833496,201161348
2024-04-08,1.5710049867630005,1.5772910118103027,1.4938019514083862,1.5303200483322144,339975821
2024-04-09,1.4836369752883911,1.5887069702148438,1.4768929481506348,1.5708160400390625,449258429
2024-04-10,1.466346025466919,1.496319055557251,1.420093059539795,1.4836299419403076,320187260
2024-04-11,1.4191420078277588,1.4812049865722656,1.4122769832611084,1.466346025466919,231721719
2024-04-12,1.174908995628357,1.4412930011749268,1.04761004447937,1.4191449880599976,849422935
2024-04-13,1.0334450006484983,1.1858969926834106,0.8986459970474243,1.1749210357666016,993983550
2024-04-14,1.1807529926300049,1.1891820430755615,1.0042990446090698,1.0334199666976929,809736757
2024-04-15,1.1530539989471436,1.2658400535583496,1.1241819858551023,1.1807529926300049,619076216
2024-04-16,1.1544489860534668,1.1702669858932495,1.0986289978027344,1.15305495262146,425897075
2024-04-17,1.1059190034866333,1.16935396194458,1.082921028137207,1.1544469594955444,308928784
2024-04-18,1.1391290426254272,1.1648540496826172,1.0829839706420898,1.1059290170669556,275011082
2024-04-19,1.122689962387085,1.1641290187835691,1.0463299751281738,1.1391290426254272,372532494
2024-04-20,1.2150050401687622,1.2212769985198977,1.1095889806747437,1.1226860284805298,217385884
2024-04-21,1.1889549493789673,1.2292449474334717,1.1743489503860474,1.2150050401687622,195862310
2024-04-22,1.2093249559402466,1.2381930351257324,1.185024976730347,1.1889499425888062,228798711
2024-04-23,1.178001046180725,1.219692945480347,1.170166015625,1.2093249559402466,209740953
2024-04-24,1.1159759759902954,1.2018920183181765,1.1016099452972412,1.1779999732971191,321807336
2024-04-25,1.0907939672470093,1.12248694896698,1.0677249431610107,1.1160039901733398,260280425
2024-04-26,1.0650670528411863,1.0925480127334597,1.0560070276260376,1.0907939672470093,218901586
2024-04-27,1.1240880489349363,1.1258349418640137,1.0219340324401855,1.0650670528411863,340669189
2024-04-28,1.1008700132369995,1.168903946876526,1.0978879928588867,1.1240880489349363,312533332
2024-04-29,1.0583950281143188,1.1095739603042605,1.0362169742584229,1.1008700132369995,289705686
2024-04-30,1.0221940279006958,1.0683189630508425,0.974590003490448,1.0583970546722412,394490469
2024-05-01,1.0307079553604126,1.0532439947128296,0.9746299982070924,1.0221940279006958,495077511
2024-05-02,1.0297859907150269,1.0401660203933716,0.9980599880218506,1.0306880474090576,304501218
2024-05-03,1.0659849643707275,1.0771369934082031,1.0177420377731323,1.029790997505188,298151775
2024-05-04,1.0623199939727783,1.084962010383606,1.0599490404129028,1.0659849643707275,210017419
2024-05-05,1.0715090036392212,1.094241976737976,1.0364940166473389,1.0623140335083008,230922233
2024-05-06,1.0610389709472656,1.1293599605560305,1.0581610202789309,1.0714980363845823,376439746
2024-05-07,1.0270119905471802,1.07580304145813,1.0269479751586914,1.0610389709472656,272014534
2024-05-08,1.0276390314102173,1.0445510149002075,1.0090210437774658,1.0270140171051023,299076596
2024-05-09,1.0411549806594849,1.0455549955368042,1.001682996749878,1.0276390314102173,238597485
2024-05-10,0.9954349994659424,1.0535180568695068,0.98580801486969,1.0411800146102903,298051995
2024-05-11,0.9999430179595948,1.0115009546279907,0.9872360229492188,0.9954349994659424,173108416
2024-05-12,0.9973430037498474,1.0110260248184204,0.9890679717063904,0.9999420046806335,114813690
2024-05-13,0.9813650250434875,1.0029759407043457,0.9534819722175598,0.9973430037498474,274430858
2024-05-14,0.9349089860916138,0.987396001815796,0.932781994342804,0.9813640117645264,341966673
2024-05-15,0.9953449964523317,0.997165024280548,0.9261339902877808,0.934906005859375,347131905
2024-05-16,0.9716339707374572,0.998658001422882,0.9538249969482422,0.9953799843788148,310304137
2024-05-17,1.0327249765396118,1.071370005607605,0.9680879712104796,0.9716339707374572,451760932
2024-05-18,1.0182479619979858,1.033715009689331,1.0060189962387085,1.0327270030975342,261575072
2024-05-19,0.97223299741745,1.0281480550765991,0.9675890207290648,1.0182479619979858,242293946
2024-05-20,1.1247800588607788,1.1271159648895264,0.9511319994926452,0.97223299741745,752281971
2024-05-21,1.2035200595855713,1.229411005973816,1.1231369972229004,1.124819040298462,1209775871
2024-05-22,1.141893982887268,1.2107369899749756,1.1113909482955933,1.2034590244293213,700018933
2024-05-23,1.2008190155029297,1.2543970346450806,1.1391969919204712,1.141893982887268,1584631195
2024-05-24,1.1575419902801514,1.2312430143356323,1.1255149841308594,1.200819969177246,628692600
2024-05-25,1.1916379928588867,1.2087279558181765,1.150836944580078,1.1575429439544678,456138167
2024-05-26,1.193761944770813,1.2290279865264893,1.1790759563446045,1.1916389465332031,617366925
2024-05-27,1.2311559915542605,1.2721199989318848,1.1932790279388428,1.1937639713287354,701227055
2024-05-28,1.199820041656494,1.2311569452285769,1.1715290546417236,1.2311569452285769,537284571
2024-05-29,1.1401360034942627,1.2053780555725098,1.1399519443511963,1.199820041656494,385585550
2024-05-30,1.129384994506836,1.1557600498199463,1.1077799797058103,1.1401469707489014,337904069
2024-05-31,1.1200079917907717,1.1641720533370972,1.110795021057129,1.1280109882354736,308981842
2024-06-01,1.1328539848327637,1.1377990245819092,1.1153630018234253,1.120007038116455,149282002
2024-06-02,1.1120460033416748,1.1420400142669678,1.0949139595031738,1.1328550577163696,231237406
2024-06-03,1.1050570011138916,1.138496994972229,1.1020309925079346,1.1120460033416748,261433296
2024-06-04,1.1078120470046997,1.115190029144287,1.0717569589614868,1.1050570011138916,307026170
2024-06-05,1.1229469776153564,1.1359970569610596,1.1029479503631592,1.1078120470046997,280932612
2024-06-06,1.0887130498886108,1.1237540245056152,1.0777549743652344,1.1229499578475952,226273579
2024-06-07,0.9989519715309144,1.1026649475097656,0.923907995223999,1.0887049436569214,513959182
2024-06-08,0.9677280187606812,1.0067050457000732,0.9542840123176576,0.9988210201263428,294623174
2024-06-09,0.9793260097503662,0.9873980283737184,0.9580860137939452,0.9677289724349976,277300562
2024-06-10,0.9592779874801636,0.980067014694214,0.9490230083465576,0.9793409705162048,311809407
2024-06-11,0.9377229809761048,0.9626950025558472,0.915431022644043,0.9593039751052856,428288445
2024-06-12,0.97292298078537,0.9975420236587524,0.9157800078392028,0.937729001045227,307584911
2024-06-13,0.9366520047187804,0.97291898727417,0.9239720106124878,0.97291898727417,260393589
2024-06-14,0.9121639728546144,0.9522330164909364,0.8831980228424072,0.9366160035133362,256474623
2024-06-15,0.921658992767334,0.9371449947357178,0.912093997001648,0.9121440052986144,139075519
2024-06-16,0.923675000667572,0.9342809915542604,0.9014220237731934,0.921662986278534,129668990
2024-06-17,0.8587120175361633,0.9287390112876892,0.8464149832725525,0.9236739873886108,258986764
2024-06-18,0.7952439785003662,0.8603230118751526,0.7523699998855591,0.858581006526947,434683856
2024-06-19,0.8122090101242065,0.8337180018424988,0.7881900072097778,0.7952049970626831,233180885
2024-06-20,0.8009269833564758,0.8469250202178955,0.8006550073623657,0.8122090101242065,233003450
2024-06-21,0.8009799718856812,0.8082090020179749,0.7839140295982361,0.8009189963340759,223405761
2024-06-22,0.8045200109481812,0.8096110224723816,0.7927550077438354,0.8010050058364868,107189509
2024-06-23,0.7830759882926941,0.8143569827079773,0.7808759808540344,0.8044710159301758,124882340
2024-06-24,0.818926990032196,0.818926990032196,0.7556909918785095,0.7831119894981384,308872036
2024-06-25,0.830007016658783,0.8448699712753296,0.8113849759101868,0.81905597448349,198099923
2024-06-26,0.8113800287246704,0.837939977645874,0.7976080179214478,0.8299540281295776,171358374
2024-06-27,0.8218340277671814,0.8334059715270996,0.8018249869346619,0.8112720251083374,170989906
2024-06-28,0.790224015712738,0.8321049809455872,0.7901620268821716,0.8218420147895813,179714417
2024-06-29,0.778007984161377,0.8012009859085083,0.7774909734725952,0.7901049852371216,103033702
2024-06-30,0.8009399771690369,0.802977979183197,0.7696710228919983,0.7780159711837769,121634904
2024-07-01,0.7800559997558594,0.8161349892616272,0.777999997138977,0.8009049892425537,148894055
2024-07-02,0.7818350195884705,0.784184992313385,0.7722229957580566,0.7799479961395264,130079541
2024-07-03,0.7641689777374268,0.7877990007400513,0.7523409724235535,0.7818880081176758,231403944
2024-07-04,0.6781859993934631,0.7667700052261353,0.67500901222229,0.7640830278396606,376761672
2024-07-05,0.6225379705429077,0.6786379814147949,0.5788530111312866,0.6781100034713745,481675910
2024-07-06,0.6946300268173218,0.6969649791717529,0.6153720021247864,0.6225450038909912,192061763
2024-07-07,0.6506320238113403,0.6973839998245239,0.6502130031585693,0.6944670081138611,206910743
2024-07-08,0.6673129796981812,0.6860629916191101,0.6074990034103394,0.6506950259208679,344575850
2024-07-09,0.7094460129737854,0.7135159969329834,0.6626279950141907,0.6673060059547424,209928322
2024-07-10,0.7141479849815369,0.7293819785118103,0.6965159773826599,0.7096279859542847,200276011
2024-07-11,0.6937819719314575,0.7329580187797546,0.6916220188140869,0.7141109704971313,185541046
2024-07-12,0.6994410157203674,0.7067620158195496,0.6809269785881042,0.6937509775161743,143576972
2024-07-13,0.7005739808082581,0.7077810168266296,0.6907470226287842,0.6994230151176453,135679912
2024-07-14,0.7214109897613525,0.7255979776382446,0.6945329904556274,0.7005879878997803,142516107
2024-07-15,0.7745199799537659,0.7771260142326355,0.719793975353241,0.721472978591919,234544560
2024-07-16,0.7518429756164551,0.7768480181694031,0.7257800102233887,0.7743160128593445,267185451
2024-07-17,0.7476199865341187,0.7778480052947998,0.7440590262413025,0.7519350051879883,262497791
2024-07-18,0.7477080225944519,0.7681589722633362,0.7307040095329285,0.7476969957351685,210695789
2024-07-19,0.7751269936561584,0.7769690155982971,0.7282320261001587,0.7476360201835632,191886958
2024-07-20,0.7796609997749329,0.7946400046348572,0.7670019865036011,0.7751439809799194,176180028
2024-07-21,0.802951991558075,0.8066080212593079,0.757748007774353,0.7796580195426941,220102427
2024-07-22,0.7602069973945618,0.8079000115394592,0.7568899989128113,0.8029389977455139,193939219
2024-07-23,0.7990610003471375,0.8252310156822205,0.7562010288238525,0.7602069973945618,575190637
2024-07-24,0.7399849891662598,0.7990630269050598,0.7369809746742249,0.7990610003471375,225421702
2024-07-25,0.6985639929771423,0.7407360076904297,0.6737949848175049,0.7399799823760986,309398265
2024-07-26,0.7272120118141174,0.731905996799469,0.6978189945220947,0.6985329985618591,179726943
2024-07-27,0.7215710282325745,0.7415869832038879,0.7100419998168945,0.7272080183029175,170167475
2024-07-28,0.7128220200538635,0.7239999771118164,0.7069690227508545,0.7215690016746521,109952118
2024-07-29,0.70449298620224,0.7346429824829102,0.6988400220870972,0.7127929925918579,184355950
2024-07-30,0.6777330040931702,0.7092009782791138,0.6677870154380798,0.7044770121574402,147457823
2024-07-31,0.6576259732246399,0.6872410178184509,0.6547020077705383,0.6777369976043701,156321086
2024-08-01,0.6540229916572571,0.6613079905509949,0.618478000164032,0.6576370000839233,226353934
2024-08-02,0.603007972240448,0.6546279788017273,0.5974060297012329,0.6540229916572571,211725695
2024-08-03,0.6074709892272949,0.6263800263404846,0.5870019793510437,0.603007972240448,218280478
2024-08-04,0.5652790069580078,0.6176149845123291,0.5562459826469421,0.6074600219726562,233083992
2024-08-05,0.4820109903812408,0.5675110220909119,0.431659996509552,0.5652790069580078,770178303
2024-08-06,0.5023149847984314,0.52080899477005,0.4819439947605133,0.4820109903812408,282704658
2024-08-07,0.4838849902153015,0.5228869915008545,0.4778400063514709,0.5023149847984314,249203765
2024-08-08,0.5542659759521484,0.5568150281906128,0.4798539876937866,0.4838869869709015,245287709
2024-08-09,0.5779290199279785,0.5889729857444763,0.5372689962387085,0.5542659759521484,295374261
2024-08-10,0.5770509839057922,0.5896559953689575,0.5620740056037903,0.5779309868812561,179645092
2024-08-11,0.5522509813308716,0.5961189866065979,0.5500410199165344,0.5770519971847534,186828928
2024-08-12,0.5897110104560852,0.5963839888572693,0.5468540191650391,0.5522410273551941,260037895
2024-08-13,0.5788819789886475,0.5913800001144409,0.5674769878387451,0.5897089838981628,165329359
2024-08-14,0.5618590116500854,0.5875949859619141,0.5566710233688354,0.5788819789886475,185298295
2024-08-15,0.5365560054779053,0.5693449974060059,0.5331599712371826,0.561864972114563,187801831
2024-08-16,0.5341299772262573,0.5495849847793579,0.523464024066925,0.5365549921989441,150522266
2024-08-17,0.5400940179824829,0.543274998664856,0.5315849781036377,0.5341299772262573,81397952
2024-08-18,0.5374429821968079,0.5539929866790771,0.5368710160255432,0.5400940179824829,101150532
2024-08-19,0.5387600064277649,0.5421810150146484,0.5279170274734497,0.5374339818954468,141166595
2024-08-20,0.5377510190010071,0.5541059970855713,0.5284579992294312,0.5406950116157532,145772723
2024-08-21,0.5529149770736694,0.5589550137519836,0.5286329984664917,0.5355340242385864,151774858
2024-08-22,0.5616099834442139,0.5683559775352478,0.5439040064811707,0.5529149770736694,150315260
2024-08-23,0.60282301902771,0.6083369851112366,0.5615990161895752,0.5616099834442139,212597230
2024-08-24,0.6213719844818115,0.6356210112571716,0.5985860228538513,0.6028270125389099,207922248
2024-08-25,0.5977420210838318,0.621616005897522,0.5905920267105103,0.6213619709014893,179544294
2024-08-26,0.5724220275878906,0.6044250130653381,0.5700939893722534,0.5977420210838318,191402747
2024-08-27,0.5254759788513184,0.5793129801750183,0.516776978969574,0.5724220275878906,220060457
2024-08-28,0.5217499732971191,0.5363709926605225,0.5076659917831421,0.5254759788513184,231217377
2024-08-29,0.5128980278968811,0.5338090062141418,0.5085890293121338,0.5217499732971191,149262961
2024-08-30,0.5138019919395447,0.5161049962043762,0.487634003162384,0.5129179954528809,172055626
2024-08-31,0.513463020324707,0.518930971622467,0.5083320140838623,0.5138009786605835,72760545
2024-09-01,0.4900839924812317,0.5141630172729492,0.4859820008277893,0.513463020324707,120873820
2024-09-02,0.5166410207748413,0.5214089751243591,0.4898450076580047,0.4900839924812317,145160793
2024-09-03,0.4942460060119629,0.5207430124282837,0.4942460060119629,0.5166410207748413,122213255
2024-09-04,0.496984988451004,0.5134310126304626,0.4732320010662079,0.4942370057106018,176519242
2024-09-05,0.4970250129699707,0.5020319819450378,0.4917699992656708,0.496984988451004,127486647
2024-09-06,0.4806640148162842,0.5070480108261108,0.4711059927940368,0.4970250129699707,270650953
2024-09-07,0.5009490251541138,0.5046190023422241,0.4805099964141845,0.4806640148162842,113333381
2024-09-08,0.5085440278053284,0.5151200294494629,0.4973669946193695,0.5009490251541138,105299201
2024-09-09,0.5239560008049011,0.5307419896125793,0.5062050223350525,0.5085440278053284,151008886
2024-09-10,0.5340189933776855,0.5400890111923218,0.5164480209350586,0.5239530205726624,140255493
2024-09-11,0.51487797498703,0.5340179800987244,0.502515971660614,0.5340179800987244,162649175
2024-09-12,0.5248730182647705,0.5264189839363098,0.5112900137901306,0.51487797498703,115842285
2024-09-13,0.5375459790229797,0.53997802734375,0.5164129734039307,0.5248730182647705,139214126
2024-09-14,0.5309540033340454,0.539467990398407,0.527301013469696,0.5375459790229797,77407193
2024-09-15,0.5119569897651672,0.5400769710540771,0.5109620094299316,0.5309540033340454,114246289
2024-09-16,0.5106790065765381,0.5168190002441406,0.4987710118293762,0.5119569897651672,140137130
2024-09-17,0.5221120119094849,0.530439019203186,0.5053880214691162,0.5106790065765381,151457801
2024-09-18,0.5274659991264343,0.5275020003318787,0.5024970173835754,0.5221120119094849,163161537
2024-09-19,0.5573520064353943,0.5806869864463806,0.5274659991264343,0.5274659991264343,228951084
2024-09-20,0.5761709809303284,0.5877699851989746,0.5506299734115601,0.5573520064353943,203176353
2024-09-21,0.6166520118713379,0.6204450130462646,0.5675349831581116,0.5761600136756897,211150871
2024-09-22,0.6005759835243225,0.6210830211639404,0.5843240022659302,0.6166520118713379,179761437
2024-09-23,0.5995360016822815,0.6225219964981079,0.5921919941902161,0.6005759835243225,215736999
2024-09-24,0.6146360039710999,0.6172410249710083,0.5862060189247131,0.5995360016822815,226830726
2024-09-25,0.598347008228302,0.6324869990348816,0.5966749787330627,0.6146360039710999,258446316
2024-09-26,0.6197599768638611,0.6431599855422974,0.5884119868278503,0.598347008228302,307177773
2024-09-27,0.6679419875144958,0.6792470216751099,0.6189320087432861,0.6197599768638611,321644527
2024-09-28,0.648177981376648,0.6719499826431274,0.6356239914894104,0.6679069995880127,207665523
2024-09-29,0.6463069915771484,0.6566740274429321,0.6335170269012451,0.6481630206108093,197382885
2024-09-30,0.6043400168418884,0.6528940200805664,0.6001150012016296,0.6462870240211487,273559772
2024-10-01,0.5514010190963745,0.628898024559021,0.5387290120124817,0.6043400168418884,382598010
2024-10-02,0.5321829915046692,0.5625900030136108,0.5267580151557922,0.5513830184936523,284134741
2024-10-03,0.5332890152931213,0.5431709885597229,0.5158069729804993,0.5321840047836304,268140133
2024-10-04,0.5649830102920532,0.5675060153007507,0.5322200059890747,0.53330397605896,203466527
2024-10-05,0.5504559874534607,0.5692639946937561,0.5431920289993286,0.5649830102920532,130129671
2024-10-06,0.5588160157203674,0.5627679824829102,0.5483499765396118,0.5504559874534607,125158851
2024-10-07,0.5498960018157959,0.5740789771080017,0.5498459935188293,0.5588160157203674,221826169
2024-10-08,0.5410839915275574,0.5567399859428406,0.5355700254440308,0.5498960018157959,204361606
2024-10-09,0.5209680199623108,0.5477709770202637,0.515923023223877,0.5402169823646545,176950977
2024-10-10,0.5249230265617371,0.528901994228363,0.5070430040359497,0.5212780237197876,177324526
2024-10-11,0.5335819721221924,0.5419769883155823,0.5233439803123474,0.5249230265617371,181080426
2024-10-12,0.5382670164108276,0.5442450046539307,0.5295069813728333,0.5335819721221924,190534463
2024-10-13,0.5279319882392883,0.5389729738235474,0.518642008304596,0.5382670164108276,210175863
2024-10-14,0.5642549991607666,0.5674939751625061,0.5209389925003052,0.5279309749603271,271588004
2024-10-15,0.5675370097160339,0.579371988773346,0.5461329817771912,0.5642549991607666,355138633
2024-10-16,0.5578619837760925,0.582705020904541,0.5562450289726257,0.5675370097160339,295652803
2024-10-17,0.5464469790458679,0.5653499960899353,0.5422559976577759,0.5578619837760925,184998439
2024-10-18,0.5637900233268738,0.5715100169181824,0.5442659854888916,0.5464400053024292,158642622
2024-10-19,0.566806972026825,0.5715529918670654,0.5568389892578125,0.5637900233268738,114025112
2024-10-20,0.6135169863700867,0.6171140074729919,0.5617920160293579,0.566806972026825,288276921
2024-10-21,0.5882250070571899,0.6158499717712402,0.5807859897613525,0.6118649840354919,213856945
2024-10-22,0.5790209770202637,0.5996479988098145,0.5732259750366211,0.5882250070571899,186887995
2024-10-23,0.5571929812431335,0.5802720189094543,0.5439749956130981,0.5790209770202637,196676049
2024-10-24,0.5620430111885071,0.5687410235404968,0.5522670149803162,0.5596110224723816,148033112
2024-10-25,0.5065299868583679,0.561424970626831,0.4931600093841553,0.5608479976654053,328535593
2024-10-26,0.5138019919395447,0.5183169841766357,0.497873991727829,0.506534993648529,174478633
2024-10-27,0.5195289850234985,0.5233029723167419,0.5066379904747009,0.5138019919395447,98433223
2024-10-28,0.5225039720535278,0.5283380150794983,0.5051469802856445,0.5195369720458984,197781847
2024-10-29,0.5466960072517395,0.5495250225067139,0.5212630033493042,0.5225039720535278,184810692
2024-10-30,0.5576549768447876,0.5685579776763916,0.5395010113716125,0.5466989874839783,246462528
2024-10-31,0.5265840291976929,0.5604720115661621,0.5198079943656921,0.5576540231704712,171655238
2024-11-01,0.5194069743156433,0.5438470244407654,0.5118820071220398,0.5265840291976929,180473081
2024-11-02,0.5038740038871765,0.5252709984779358,0.5014489889144897,0.5194079875946045,104413684
2024-11-03,0.4821619987487793,0.5050820112228394,0.4615370035171509,0.5038740038871765,241028554
2024-11-04,0.4730280041694641,0.4903030097484588,0.4607270061969757,0.4822739958763122,166293936
2024-11-05,0.4907769858837127,0.4960170090198517,0.4729290008544922,0.4730280041694641,153597673
2024-11-06,0.5549529790878296,0.5550119876861572,0.4906750023365021,0.4907769858837127,389306833
2024-11-07,0.5791910290718079,0.5913439989089966,0.5465980172157288,0.5489869713783264,442476744
2024-11-08,0.5932909846305847,0.5977990031242371,0.5672760009765625,0.5810040235519409,327962774
2024-11-09,0.6204090118408203,0.6221979856491089,0.5800139904022217,0.5918909907341003,334089958
2024-11-10,0.6301230192184448,0.6543359756469727,0.59934401512146,0.6204209923744202,629421009
2024-11-11,0.6713160276412964,0.671334981918335,0.6127820014953613,0.6301119923591614,739291311
2024-11-12,0.6327639818191528,0.6886439919471741,0.6064289808273315,0.6713160276412964,1022923263
2024-11-13,0.612093985080719,0.6435790061950684,0.572613000869751,0.63264000415802,840465141
2024-11-14,0.5793910026550293,0.6350650191307068,0.5740529894828796,0.612093985080719,546688272
2024-11-15,0.6086710095405579,0.6128619909286499,0.5679370164871216,0.5793989896774292,404578181
2024-11-16,0.7247250080108643,0.7598369717597961,0.6033719778060913,0.6063230037689209,946641087
2024-11-17,0.6739000082015991,0.7301340103149414,0.6617259979248047,0.7247310280799866,650650773
2024-11-18,0.7377139925956726,0.748062014579773,0.67255699634552,0.6739000082015991,742278290
2024-11-19,0.693041980266571,0.7525439858436584,0.677170991897583,0.7378039956092834,548549192
2024-11-20,0.6716089844703674,0.7109590172767639,0.6504449844360352,0.6930400133132935,525441389
2024-11-21,0.7802169919013977,0.8172199726104736,0.6523969769477844,0.6716099977493286,1324694956
2024-11-22,0.8100100159645081,0.8381450176239014,0.7573249936103821,0.7802150249481201,1016831920
2024-11-23,0.8556240200996399,0.8790950179100037,0.8015149831771851,0.8100100159645081,1233139622
2024-11-24,0.8615769743919373,0.9099270105361938,0.79926598072052,0.8556240200996399,1054360538
2024-11-25,0.9053710103034972,0.952072024345398,0.8275880217552185,0.8615900278091431,1557056865
2024-11-26,0.8705350160598755,0.9233620166778564,0.8327599763870239,0.9053710103034972,1038503485
2024-11-27,0.9700940251350404,0.9733139872550964,0.8508480191230774,0.8705350160598755,1061106810
2024-11-28,0.9145269989967346,0.9789990186691284,0.889756977558136,0.9700850248336792,786655947
2024-11-29,0.930171012878418,0.93989098072052,0.8936610221862793,0.9145269989967346,463872232
2024-11-30,0.9734619855880736,0.9861840009689332,0.922016978263855,0.9301580190658568,741720993
2024-12-01,0.9702759981155396,0.9948809742927552,0.9451209902763368,0.9734619855880736,607850567
2024-12-02,1.026227951049805,1.0464099645614624,0.9040899872779846,0.9684190154075624,1245832172
2024-12-03,1.0472229719161987,1.0833890438079834,0.9786540269851683,1.0262420177459717,1244795197
2024-12-04,1.1348259449005127,1.1879489421844482,1.046584963798523,1.047351956367493,1477879971
2024-12-05,1.1056489944458008,1.159417986869812,1.0772199630737305,1.1348320245742798,1115810108
2024-12-06,1.1758610010147097,1.2378970384597778,1.0962870121002195,1.102687954902649,1167848500
2024-12-07,1.1661770343780518,1.1856600046157837,1.1539180278778076,1.1758610010147097,549433624
2024-12-08,1.1587810516357422,1.1861560344696045,1.1326090097427368,1.1803909540176392,492513402
2024-12-09,0.9639959931373596,1.1607049703598022,0.8797820210456848,1.160701036453247,1258166294
2024-12-10,0.9393519759178162,1.0121690034866333,0.8790180087089539,0.9639959931373596,1232772757
2024-12-11,1.0001540184020996,1.0200539827346802,0.8950750231742859,0.9393759965896606,744323119
2024-12-12,1.0273220539093018,1.0980939865112305,0.9955999851226808,1.000156044960022,970163392
2024-12-13,1.018399000167847,1.0733710527420044,1.0032700300216677,1.0273820161819458,795968946
2024-12-14,0.9850879907608032,1.049996018409729,0.9592909812927246,1.0333679914474487,528648304
2024-12-15,1.015584945678711,1.0195300579071045,0.9584829807281494,0.9850839972496032,504397404
2024-12-16,1.0037189722061155,1.052049994468689,0.9664329886436462,1.0156060457229614,825100037
2024-12-17,0.9459940195083618,1.012601017951965,0.9358829855918884,1.0037189722061155,655970939
2024-12-18,0.8613560199737549,0.953935980796814,0.8604059815406799,0.9460070133209229,765260694
2024-12-19,0.7823129892349243,0.8695449829101562,0.7581499814987183,0.8613520264625549,906607658
2024-12-20,0.7957239747047424,0.8117190003395081,0.6709929704666138,0.7823100090026855,926773258
2024-12-21,0.7452049851417542,0.8452360033988953,0.7334759831428528,0.7957239747047424,564577230
2024-12-22,0.7455779910087585,0.7691010236740112,0.7221300005912781,0.7452009916305542,422422985
2024-12-23,0.7985439896583557,0.8140349984169006,0.7277609705924988,0.7455989718437195,540138276
2024-12-24,0.8179060220718384,0.835008978843689,0.7815639972686768,0.7985439896583557,380296823
2024-12-25,0.8049629926681519,0.8205729722976685,0.7883999943733215,0.8179190158843994,306585426
2024-12-26,0.7522709965705872,0.8087739944458008,0.7396630048751831,0.8049629926681519,320021376
2024-12-27,0.7589840292930603,0.7930570244789124,0.7491880059242249,0.7522680163383484,374766344
2024-12-28,0.7747849822044373,0.7786409854888916,0.7483329772949219,0.7589840292930603,195561897
2024-12-29,0.7419049739837646,0.7804340124130249,0.7344989776611328,0.7747849822044373,217039067
2024-12-30,0.7321109771728516,0.7690790295600891,0.7195320129394531,0.7419040203094482,370545834
2024-12-31,0.7212629914283752,0.7554000020027161,0.7145019769668579,0.7321109771728516,232583952
2025-01-01,0.7446920275688171,0.7481459975242615,0.7046710252761841,0.7212629914283752,195924020
2025-01-02,0.7746570110321045,0.7831180095672607,0.7446200251579285,0.7446839809417725,310899828
2025-01-03,0.8331440091133118,0.8357769846916199,0.762365996837616,0.7746570110321045,348839237
2025-01-04,0.8957920074462891,0.9059060215950012,0.8256459832191467,0.8331419825553894,561243001
2025-01-05,0.916474997997284,0.9204840064048768,0.8786090016365051,0.8957859873771667,483745164
2025-01-06,0.9191640019416808,0.9531480073928832,0.9040589928627014,0.9164549708366394,594261402
2025-01-07,0.8211569786071777,0.9203730225563048,0.819316029548645,0.919156014919281,504377813
2025-01-08,0.788906991481781,0.8293129801750183,0.7564430236816406,0.8211569786071777,551380006
2025-01-09,0.7431390285491943,0.7974519729614258,0.7333980202674866,0.788906991481781,411400244
2025-01-10,0.7484409809112549,0.773514986038208,0.7354840040206909,0.743137001991272,405524465
2025-01-11,0.743552029132843,0.7593160271644592,0.7255240082740784,0.7484319806098938,234257404
2025-01-12,0.7303850054740906,0.7492650151252747,0.7205929756164551,0.743552029132843,208459345
2025-01-13,0.7031189799308777,0.7476300001144409,0.6566519737243652,0.7303850054740906,428352736
2025-01-14,0.7384170293807983,0.7437719702720642,0.6991649866104126,0.7031220197677612,248547164
2025-01-15,0.7925419807434082,0.7963709831237793,0.7189570069313049,0.7384170293807983,353731817
2025-01-16,0.7572299838066101,0.7945799827575684,0.7493810057640076,0.7925620079040527,382174486
2025-01-17,0.8166000247001648,0.8282729983329773,0.7571920156478882,0.7572159767150879,336814189
2025-01-18,0.767445981502533,0.8325560092926025,0.7508429884910583,0.8165500164031982,398293186
2025-01-19,0.6967930197715759,0.7925729751586914,0.6911140084266663,0.767445981502533,906697229
2025-01-20,0.6974660158157349,0.7563779950141907,0.6671540141105652,0.6968259811401367,841256344
2025-01-21,0.7221180200576782,0.7469469904899597,0.6715819835662842,0.6974620223045349,403092627
2025-01-22,0.7003039717674255,0.7366210222244263,0.6981539726257324,0.7221180200576782,266467188
2025-01-23,0.7199190258979797,0.7228469848632812,0.6836010217666626,0.7003030180931091,357434534
2025-01-24,0.6983529925346375,0.7403630018234253,0.6966779828071594,0.7199190258979797,281944432
2025-01-25,0.7012079954147339,0.7111570239067078,0.6876699924468994,0.6983829736709595,166183657
2025-01-26,0.6768289804458618,0.7161710262298584,0.6768289804458618,0.7012079954147339,156736166
2025-01-27,0.6421520113945007,0.6768689751625061,0.6070939898490906,0.6768289804458618,438755135
2025-01-28,0.5934079885482788,0.652105987071991,0.5864530205726624,0.6422060132026672,238150105
2025-01-29,0.605105996131897,0.624970018863678,0.5918200016021729,0.59340900182724,255054552
2025-01-30,0.6305029988288879,0.6421689987182617,0.6006990075111389,0.6051449775695801,210996523
2025-01-31,0.641061007976532,0.6731680035591125,0.6156240105628967,0.6304960250854492,313864308
2025-02-01,0.5791019797325134,0.651934027671814,0.5734320282936096,0.6410700082778931,387234225
2025-02-02,0.4933150112628937,0.5901190042495728,0.4720880091190338,0.5791019797325134,506308283
2025-02-03,0.5103219747543335,0.5148429870605469,0.3721199929714203,0.4933109879493713,984250778
2025-02-04,0.4783770143985748,0.5126829743385315,0.4530250132083893,0.5103219747543335,483060438
2025-02-05,0.4707930088043213,0.4973010122776031,0.4662129878997803,0.4783529937267303,265400873
2025-02-06,0.4458360075950622,0.4825370013713836,0.4436340034008026,0.470782995223999,294816225
2025-02-07,0.4324789941310882,0.4667370021343231,0.4214099943637848,0.445836991071701,263357456
2025-02-08,0.4506779909133911,0.4527190029621124,0.4291549921035766,0.4324930012226105,132346342
2025-02-09,0.449957013130188,0.4666520059108734,0.4291790127754211,0.4506700038909912,145450875
2025-02-10,0.4718909859657287,0.4801239967346191,0.4364610016345978,0.449957013130188,183140799
2025-02-11,0.4630550146102905,0.4932650029659271,0.4589599967002868,0.4718770086765289,176074983
2025-02-12,0.4933280050754547,0.5063369870185852,0.4530990123748779,0.4630550146102905,272876627
2025-02-13,0.4875119924545288,0.5029940009117126,0.476976990699768,0.4933139979839325,179286648
2025-02-14,0.4979149997234344,0.5105419754981995,0.4842970073223114,0.4875209927558899,183806258
2025-02-15,0.4769090116024017,0.4985899925231933,0.4721249938011169,0.4979259967803955,95496885
2025-02-16,0.4742369949817657,0.4890649914741516,0.4720689952373504,0.4769529998302459,116855106
2025-02-17,0.4955410063266754,0.5124409794807434,0.4694580137729645,0.4742369949817657,206581885
2025-02-18,0.4595890045166015,0.4978350102901459,0.4404520094394684,0.4955449998378753,252923227
2025-02-19,0.4715459942817688,0.4739759862422943,0.4522809982299804,0.4595969915390014,151621231
2025-02-20,0.4911980032920837,0.4955990016460418,0.4712269902229309,0.4715420007705688,197746671
2025-02-21,0.4672529995441437,0.5094469785690308,0.4588069915771484,0.4911960065364837,269286354
2025-02-22,0.4770300090312958,0.4861179888248443,0.4666090011596679,0.4672519862651825,137930537
2025-02-23,0.4785749912261963,0.4900870025157928,0.473019003868103,0.4770300090312958,122275827
2025-02-24,0.4108110070228576,0.4809679985046386,0.406809002161026,0.4785749912261963,274521241
2025-02-25,0.4196139872074127,0.426488995552063,0.3842380046844482,0.4108150005340576,350535262
2025-02-26,0.4207040071487427,0.431443989276886,0.4039559960365295,0.4196139872074127,208963431
2025-02-27,0.4245269894599914,0.43818199634552,0.412555992603302,0.4207060039043426,180914349
2025-02-28,0.4218479990959167,0.425568014383316,0.3839640021324157,0.4245269894599914,314422500
2025-03-01,0.4177300035953522,0.4264479875564575,0.4034309983253479,0.4218499958515167,142438536
2025-03-02,0.4627020061016083,0.4649859964847564,0.4102250039577484,0.4177300035953522,293130218
2025-03-03,0.3916729986667633,0.4629459977149963,0.3839530050754547,0.4627000093460083,306248319
2025-03-04,0.3797580003738403,0.3927620053291321,0.3519499897956848,0.3916789889335632,333712056
2025-03-05,0.4167839884757995,0.4265489876270294,0.375234991312027,0.3797569870948791,388810274
2025-03-06,0.4041379988193512,0.4286310076713562,0.4011029899120331,0.4167830049991607,195903876
2025-03-07,0.3945110142230987,0.4147070050239563,0.3870260119438171,0.4041379988193512,223157956
2025-03-08,0.397379994392395,0.4032900035381317,0.3827050030231476,0.3945089876651764,116662172
2025-03-09,0.3487699925899505,0.3992240130901336,0.3461480140686035,0.397379994392395,164295240
2025-03-10,0.3214330077171325,0.3710139989852905,0.3159799873828888,0.3487699925899505,249853858
2025-03-11,0.3370989859104156,0.3463909924030304,0.30001300573349,0.321397989988327,292385055
2025-03-12,0.3485350012779236,0.3533529937267303,0.3269450068473816,0.3370989859104156,202908010
2025-03-13,0.3434329926967621,0.3529219925403595,0.3313310146331787,0.3485360145568847,156429976
2025-03-14,0.358568012714386,0.3660730123519897,0.3432010114192962,0.3434329926967621,144134411
2025-03-15,0.3645899891853332,0.3697670102119446,0.3576819896697998,0.3585650026798248,99783263
2025-03-16,0.3484390079975128,0.3649069964885711,0.345099002122879,0.3645859956741333,122693160
2025-03-17,0.3695969879627228,0.3746919929981231,0.3483819961547851,0.3484379947185516,161739588
2025-03-18,0.3713560104370117,0.3713560104370117,0.3526119887828827,0.3695969879627228,116151554
2025-03-19,0.3853949904441833,0.3862990140914917,0.367493987083435,0.3713450133800506,197750274
2025-03-20,0.3754830062389374,0.3862189948558807,0.3671639859676361,0.3853980004787445,121833683
2025-03-21,0.3594709932804107,0.3788459897041321,0.3584100008010864,0.3754819929599762,107406334
2025-03-22,0.3648509979248047,0.3719309866428375,0.3592639863491058,0.3594709932804107,72469467
2025-03-23,0.3681409955024719,0.3734830021858215,0.3628189861774444,0.3648500144481659,80073334
2025-03-24,0.3898850083351135,0.3946140110492706,0.3624120056629181,0.3681409955024719,151739508
2025-03-25,0.3935169875621795,0.3944509923458099,0.3844220042228699,0.3899100124835968,106642542
2025-03-26,0.3818910121917724,0.4023500084877014,0.3785429894924164,0.3935169875621795,105572788
2025-03-27,0.3843539953231811,0.390720009803772,0.3747609853744507,0.3818910121917724,93371873
2025-03-28,0.3476009964942932,0.3871789872646332,0.3423179984092712,0.3843539953231811,129926457
2025-03-29,0.3309260010719299,0.3490889966487884,0.3267650008201599,0.3475950062274933,120727394
2025-03-30,0.3316560089588165,0.3385890126228332,0.3267660140991211,0.3309099972248077,101471327
2025-03-31,0.3279959857463836,0.3347620069980621,0.318897008895874,0.3316549956798553,117149341
2025-04-01,0.3335860073566437,0.3416930139064789,0.3277980089187622,0.3279959857463836,103379595
2025-04-02,0.3073669970035553,0.3376680016517639,0.3032560050487518,0.3335849940776825,199879444
2025-04-03,0.3103049993515014,0.316457986831665,0.2950829863548279,0.3073579967021942,142813548
2025-04-04,0.3122290074825287,0.3178319931030273,0.3015570044517517,0.3103049993515014,130431706
2025-04-05,0.3092049956321716,0.3150509893894195,0.3059130012989044,0.3122290074825287,56539233
2025-04-06,0.2676959931850433,0.3091740012168884,0.2605499923229217,0.3091740012168884,160417907
2025-04-07,0.2743589878082275,0.2828080058097839,0.2450190037488937,0.2676999866962433,327528799
2025-04-08,0.2641240060329437,0.2818889915943146,0.261355996131897,0.2743600010871887,152909548
2025-04-09,0.2930929958820343,0.3004280030727386,0.2564679980278015,0.2641240060329437,218973410
2025-04-10,0.2863520085811615,0.293377012014389,0.2758490145206451,0.2930969893932342,142967738
2025-04-11,0.2952690124511719,0.2985489964485168,0.2852180004119873,0.2863540053367615,125750111
2025-04-12,0.3108400106430053,0.3118549883365631,0.293971985578537,0.2952710092067718,92195252
2025-04-13,0.3003830015659332,0.3165760040283203,0.2969419956207275,0.3108400106430053,124246234
2025-04-14,0.2954509854316711,0.3115699887275696,0.2934469878673553,0.3003849983215332,134794339
2025-04-15,0.2801859974861145,0.2966459989547729,0.2797800004482269,0.2954509854316711,107476935
2025-04-16,0.2787150144577026,0.2838039994239807,0.2719059884548187,0.2801859974861145,132621098
2025-04-17,0.2822799980640411,0.2864789962768554,0.2755259871482849,0.2787150144577026,93769475
2025-04-18,0.2906970083713531,0.292944997549057,0.2812750041484833,0.2822799980640411,81924856
2025-04-19,0.3005149960517883,0.3036839962005615,0.2900449931621551,0.2906970083713531,77259745
2025-04-20,0.3044100105762481,0.306997001171112,0.2969250082969665,0.3005189895629883,74256632
2025-04-21,0.2995209991931915,0.3143909871578216,0.2975209951400757,0.3044100105762481,102291955
2025-04-22,0.3224320113658905,0.3243449926376343,0.2927489876747131,0.2995190024375915,165455634
2025-04-23,0.339148998260498,0.3420090079307556,0.3211089968681335,0.3224300146102905,202454328
2025-04-24,0.3419469892978668,0.3441449999809265,0.3258560001850128,0.3391500115394592,159455159
2025-04-25,0.3465679883956909,0.3517569899559021,0.3359610140323639,0.3419469892978668,142188233
2025-04-26,0.3529619872570038,0.356550008058548,0.3433350026607513,0.3465720117092132,114657219
2025-04-27,0.3363189995288849,0.3624460101127624,0.3335590064525604,0.3529660105705261,126632375
2025-04-28,0.3359400033950805,0.34825000166893,0.3282209932804107,0.3363279998302459,136332753
2025-04-29,0.3278580009937286,0.3425390124320984,0.3247829973697662,0.3359430134296417,117267572
2025-04-30,0.3258669972419739,0.3347670137882232,0.3163889944553375,0.3278569877147674,125876429
2025-05-01,0.3393949866294861,0.3444389998912811,0.3258469998836517,0.3258669972419739,112367221
2025-05-02,0.3387210071086883,0.3450329899787903,0.3342680037021637,0.3393990099430084,97526614
2025-05-03,0.3199850022792816,0.3396179974079132,0.317793995141983,0.3387210071086883,103809515
2025-05-04,0.3109239935874939,0.3227590024471283,0.3097699880599975,0.3199850022792816,92794230
2025-05-05,0.3113090097904205,0.3207220137119293,0.3065769970417022,0.3109239935874939,95618169
2025-05-06,0.3084700107574463,0.3119910061359405,0.2963469922542572,0.3113090097904205,104152806
2025-05-07,0.3108330070972442,0.3122740089893341,0.2990770041942596,0.3084689974784851,132027402
2025-05-08,0.3618600070476532,0.3658770024776459,0.3107660114765167,0.3108319938182831,233648926
2025-05-09,0.3783749938011169,0.3924390077590942,0.3608500063419342,0.3618600070476532,290391114
2025-05-10,0.4832220077514648,0.4951010048389435,0.3740909993648529,0.3783729970455169,653517884
2025-05-11,0.4507290124893188,0.5009989738464355,0.4416489899158478,0.4832220077514648,540009679
2025-05-12,0.4302099943161011,0.4784980118274688,0.4186829924583435,0.4507339894771576,472124745
2025-05-13,0.4564079940319061,0.464123010635376,0.4077380001544952,0.4302099943161011,362367525
2025-05-14,0.4270969927310943,0.4604629874229431,0.4211629927158355,0.4564099907875061,256719501
2025-05-15,0.3972809910774231,0.4347659945487976,0.3884299993515014,0.4270949959754944,303175269
2025-05-16,0.3900260031223297,0.4169700145721435,0.3872129917144775,0.3973039984703064,219947943
2025-05-17,0.3759050071239471,0.3901009857654571,0.3700419962406158,0.3900260031223297,193588867
2025-05-18,0.3966020047664642,0.4068169891834259,0.3705700039863586,0.3759079873561859,248441565
2025-05-19,0.3921749889850616,0.398140013217926,0.3648709952831268,0.3963980078697204,215726237
2025-05-20,0.3936049938201904,0.4014619886875152,0.3806990087032318,0.3921749889850616,192931092
2025-05-21,0.410984992980957,0.4180749952793121,0.3911559879779815,0.3936089873313904,306512611
2025-05-22,0.4286650121212005,0.4380689859390259,0.4109809994697571,0.410982996225357,308353897
2025-05-23,0.3901019990444183,0.4440799951553345,0.389151006937027,0.4286499917507171,325399950
2025-05-24,0.3924390077590942,0.4014759957790375,0.3894389867782593,0.3901039958000183,113940934
2025-05-25,0.39410600066185,0.3943940103054046,0.3762800097465515,0.392437994480133,121175491
2025-05-26,0.3921200037002563,0.4065470099449157,0.3880900144577026,0.3941049873828888,158375662
2025-05-27,0.4021750092506408,0.4141620099544525,0.3810389935970306,0.3921200037002563,195685407
2025-05-28,0.4093129932880401,0.4166849851608276,0.3900699913501739,0.4021700024604797,218232942
2025-05-29,0.3954089879989624,0.4405319988727569,0.3946680128574371,0.4093210101127624,336610832
2025-05-30,0.3334999978542328,0.3985489904880523,0.3332119882106781,0.3954089879989624,369568240
2025-05-31,0.3401030004024505,0.3459810018539428,0.3220210075378418,0.3335070013999939,208362990
2025-06-01,0.3420819938182831,0.3444229960441589,0.3313179910182953,0.3401010036468506,120477801
2025-06-02,0.3586849868297577,0.3597039878368377,0.3338069915771484,0.3420819938182831,167573958
2025-06-03,0.3598699867725372,0.372749000787735,0.3565059900283813,0.3586849868297577,170584682
2025-06-04,0.359495997428894,0.3731670081615448,0.3555650115013122,0.3598580062389374,186372956
2025-06-05,0.3243910074234009,0.3634749948978424,0.318123996257782,0.359494000673294,227678625
2025-06-06,0.3323520123958587,0.3454859852790832,0.3239679932594299,0.3243930041790008,157353106
2025-06-07,0.3480069935321808,0.3495819866657257,0.3319239914417267,0.3323520123958587,96853694
2025-06-08,0.342164009809494,0.3494389951229095,0.3385230004787445,0.3480069935321808,90024085
2025-06-09,0.3687439858913421,0.3694379925727844,0.336434006690979,0.342164009809494,137498240
2025-06-10,0.4130620062351227,0.4169610142707824,0.3623709976673126,0.3687439858913421,349870932
2025-06-11,0.3980210125446319,0.4255070090293884,0.3944979906082153,0.4130620062351227,294602381
2025-06-12,0.3675200045108795,0.4009450078010559,0.3665480017662048,0.3980210125446319,223648165
2025-06-13,0.3483189940452575,0.3675140142440796,0.3315010070800781,0.3675140142440796,353325777
2025-06-14,0.3336029946804046,0.3488309979438782,0.3279060125350952,0.3483270108699798,144351423
2025-06-15,0.3276549875736236,0.3358519971370697,0.3197650015354156,0.3336029946804046,159756484
2025-06-16,0.3181999921798706,0.3415620028972626,0.3181670010089874,0.3276549875736236,234913150
2025-06-17,0.3040080070495605,0.3256970047950744,0.2998329997062683,0.3181850016117096,248413112
2025-06-18,0.3070560097694397,0.3103320002555847,0.2907060086727142,0.3039920032024383,203753683
2025-06-19,0.3012509942054748,0.311367005109787,0.2972950041294098,0.3070630133152008,131564416
2025-06-20,0.2866970002651214,0.3098630011081695,0.2841599881649017,0.3012529909610748,202549035
2025-06-21,0.273930013179779,0.2919900119304657,0.2685109972953796,0.2866970002651214,167036334
2025-06-22,0.2673780024051666,0.2799769937992096,0.2544969916343689,0.273930013179779,249816286
2025-06-23,0.302962988615036,0.304403007030487,0.2656269967556,0.2673780024051666,269058311
2025-06-24,0.3146319985389709,0.3344680070877075,0.2989960014820099,0.302962988615036,290115484
2025-06-25,0.3088209927082062,0.3247230052947998,0.306205004453659,0.3146319985389709,224628513
2025-06-26,0.3021169900894165,0.3145779967308044,0.2950029969215393,0.3088249862194061,211571145
2025-06-27,0.3057830035686493,0.3149810135364532,0.2983709871768951,0.3023830056190491,182032876
2025-06-28,0.3117850124835968,0.3131099939346313,0.3012920022010803,0.3057830035686493,109659046
2025-06-29,0.3684709966182709,0.389057993888855,0.3052079975605011,0.3117870092391968,568827618
2025-06-30,0.3454209864139557,0.3749769926071167,0.3370899856090545,0.368474006652832,665865882
2025-07-01,0.3272770047187805,0.3457249999046325,0.3220070004463196,0.3454200029373169,302428797
2025-07-02,0.3479569852352142,0.3562059998512268,0.3235059976577759,0.3272719979286194,481700493
2025-07-03,0.3438380062580108,0.3621779978275299,0.3408980071544647,0.3479569852352142,286591013
2025-07-04,0.3241199851036072,0.346900999546051,0.3146289885044098,0.3438380062580108,218499936
2025-07-05,0.3280200064182281,0.3322170078754425,0.3208119869232178,0.3241199851036072,122419262
2025-07-06,0.3344709873199463,0.3385489881038666,0.3221310079097748,0.3280200064182281,134501466
2025-07-07,0.3289160132408142,0.3381899893283844,0.3256910145282745,0.3344750106334686,151462508
2025-07-08,0.3383269906044006,0.3413859903812408,0.3233329951763153,0.3289160132408142,171665096
2025-07-09,0.3554570078849792,0.3582069873809814,0.3344449996948242,0.3383269906044006,297410066
2025-07-10,0.3978219926357269,0.3982729911804199,0.351624995470047,0.3554570078849792,354056475
2025-07-11,0.4055559933185577,0.4321460127830505,0.3898130059242248,0.3978219926357269,544887809
2025-07-12,0.3998459875583648,0.4122610092163086,0.3831070065498352,0.405580997467041,244379653
2025-07-13,0.4106850028038025,0.4203569889068603,0.3986029922962188,0.3998459875583648,259217020
2025-07-14,0.4028080105781555,0.43231201171875,0.4004069864749908,0.4106850028038025,390893974
2025-07-15,0.4353519976139068,0.4415299892425537,0.3912590146064758,0.4028109908103943,454887702
2025-07-16,0.4406880140304565,0.4579930007457733,0.4249539971351623,0.4353519976139068,645939996
2025-07-17,0.4510839879512787,0.4561980068683624,0.4288969933986664,0.4406810104846954,539829041
2025-07-18,0.4520600140094757,0.4944289922714233,0.4416199922561645,0.4510740041732788,861457929
2025-07-19,0.4647350013256073,0.4753479957580566,0.4392690062522888,0.4520690143108368,333183625
2025-07-20,0.4844059944152832,0.5086179971694946,0.4586690068244934,0.4647350013256073,534096669
2025-07-21,0.4862000048160553,0.5094349980354309,0.4754959940910339,0.4844059944152832,573211219
2025-07-22,0.4819389879703522,0.4888100028038025,0.4545739889144897,0.4861989915370941,621166091
2025-07-23,0.433705985546112,0.4821450114250183,0.4183200001716614,0.4819410145282745,542427856
2025-07-24,0.4304159879684448,0.4484649896621704,0.4097830057144165,0.4336990118026733,389573414
2025-07-25,0.4432939887046814,0.4434820115566253,0.4156959950923919,0.4304159879684448,401165658
2025-07-26,0.4486699998378753,0.4565590023994446,0.4401789903640747,0.4432869851589203,232087539
2025-07-27,0.4607569873332977,0.4626150131225586,0.4468930065631866,0.4486629962921142,266460461
2025-07-28,0.432107001543045,0.478177011013031,0.430213987827301,0.4607580006122589,439737006
2025-07-29,0.4245440065860748,0.4500530064105987,0.4157400131225586,0.4321280121803283,337192899
2025-07-30,0.415129005908966,0.425821989774704,0.3961189985275268,0.4245440065860748,323677627
2025-07-31,0.3983930051326751,0.4308260083198547,0.3965770006179809,0.4151419997215271,286009001
2025-08-01,0.3782260119915008,0.3985939919948578,0.369845986366272,0.3983849883079529,434976380
2025-08-02,0.3690670132637024,0.3819450139999389,0.3621329963207245,0.3782159984111786,247120975
2025-08-03,0.3831390142440796,0.3848769962787628,0.3655990064144134,0.3690670132637024,161365384
2025-08-04,0.4051829874515533,0.4115169942378998,0.3824769854545593,0.3831390142440796,231272697
2025-08-05,0.3835490047931671,0.4053539931774139,0.3760089874267578,0.4051829874515533,225851477
2025-08-06,0.3891429901123047,0.3920409977436065,0.3740530014038086,0.383554995059967,209307778
2025-08-07,0.416698008775711,0.4181559979915619,0.3866519927978515,0.3891429901123047,253127596
2025-08-08,0.4340580105781555,0.4361270070075989,0.4129259884357452,0.4166969954967499,395751482
2025-08-09,0.4739400148391723,0.4790450036525726,0.4339900016784668,0.4340539872646332,393200300
2025-08-10,0.4671489894390106,0.4829710125923157,0.4506120085716247,0.4739460051059723,370025900
2025-08-11,0.4366500079631805,0.479198008775711,0.4354979991912842,0.4671489894390106,498543098
2025-08-12,0.4768350124359131,0.4783959984779358,0.4344989955425262,0.4366360008716583,485201946
2025-08-13,0.5696520209312439,0.5790429711341858,0.4709900021553039,0.4768350124359131,1332481179
2025-08-14,0.5160340070724487,0.5738409757614136,0.5031909942626953,0.569657027721405,1095329353
2025-08-15,0.481792002916336,0.5355200171470642,0.4722149968147278,0.5160390138626099,757397762
2025-08-16,0.4928080141544342,0.4976820051670074,0.4723950028419494,0.4817610085010528,333412915
2025-08-17,0.5368319749832153,0.5631930232048035,0.4865599870681762,0.4928120076656341,852702086
2025-08-18,0.511443018913269,0.5420669913291931,0.5087199807167053,0.5367940068244934,853603880
2025-08-19,0.4725059866905212,0.5238999724388123,0.4724520146846771,0.5114359855651855,586390932
2025-08-20,0.5119209885597229,0.5185390114784241,0.4724259972572326,0.4725069999694824,567624721
2025-08-21,0.4964799880981445,0.5194479823112488,0.4859240055084228,0.5119209885597229,435080220
2025-08-22,0.5862990021705627,0.6044489741325378,0.475739985704422,0.4964669942855835,1310353511
2025-08-23,0.6107670068740845,0.6129990220069885,0.5685459971427917,0.5862939953804016,753805380
2025-08-24,0.5789539813995361,0.6216359734535217,0.566851019859314,0.6107680201530457,972419750
2025-08-25,0.5181519985198975,0.5882920026779175,0.5121089816093445,0.5789589881896973,767095864
2025-08-26,0.53016197681427,0.5415409803390503,0.5146870017051697,0.5181459784507751,612153830
2025-08-27,0.5053319931030273,0.5311189889907837,0.4987399876117706,0.5301650166511536,543511612
2025-08-28,0.5229179859161377,0.5325239896774292,0.5019189715385437,0.5053390264511108,528706939
2025-08-29,0.4909519851207733,0.5232509970664978,0.4849950075149536,0.5229210257530212,576321017
2025-08-30,0.499327003955841,0.5033450126647949,0.4809359908103943,0.4909490048885345,269445649
2025-08-31,0.496627002954483,0.5176969766616821,0.496315985918045,0.499327003955841,300491076
2025-09-01,0.4762730002403259,0.5131530165672302,0.4686729907989502,0.496627002954483,460007623
2025-09-02,0.5021910071372986,0.5046730041503906,0.4755829870700836,0.476298987865448,390401042
2025-09-03,0.5102369785308838,0.518887996673584,0.4933069944381714,0.5021910071372986,321630889
2025-09-04,0.4826749861240387,0.5128340125083923,0.4791780114173889,0.5102369785308838,297530313
2025-09-05,0.4946010112762451,0.5106269717216492,0.4825220108032226,0.4826720058917999,420840284
2025-09-06,0.4885810017585754,0.4998719990253448,0.4838019907474518,0.4946010112762451,205459366
2025-09-07,0.4960319995880127,0.4987489879131317,0.4874210059642792,0.4885810017585754,182441912
2025-09-08,0.5132079720497131,0.5154929757118225,0.4915400147438049,0.4960280060768127,368861488
2025-09-09,0.5127339959144592,0.5383870005607605,0.5045809745788574,0.5132110118865967,538865013
2025-09-10,0.5123339891433716,0.5244659781455994,0.5018420219421387,0.5127339959144592,452246647
2025-09-11,0.5301730036735535,0.5322629809379578,0.5106930136680603,0.5123339891433716,366153413
2025-09-12,0.5475170016288757,0.5497030019760132,0.522629976272583,0.5301730036735535,353093778
2025-09-13,0.5416430234909058,0.5576540231704712,0.5334060192108154,0.5475159883499146,351377164
2025-09-14,0.5140020251274109,0.5422049760818481,0.5078759789466858,0.5416330099105835,308926939
2025-09-15,0.4927490055561065,0.524403989315033,0.4860340058803558,0.5139960050582886,433806178
2025-09-16,0.4949359893798828,0.4996969997882843,0.485385000705719,0.4927490055561065,282417176
2025-09-17,0.5204709768295288,0.5258089900016785,0.4862799942493438,0.494937002658844,404173399
2025-09-18,0.5247139930725098,0.5280680060386658,0.5131679773330688,0.5204749703407288,377743717
2025-09-19,0.4891679883003235,0.534587025642395,0.4858349859714508,0.524711012840271,406152470
2025-09-20,0.493369996547699,0.4996980130672455,0.4869270026683807,0.4891679883003235,220789401
2025-09-21,0.4816659986972809,0.4991909861564636,0.4805450141429901,0.49338498711586,214241666
2025-09-22,0.4366419911384582,0.4824939966201782,0.4283500015735626,0.4816659986972809,577249387
2025-09-23,0.4328980147838592,0.4427250027656555,0.4224379956722259,0.4366550147533417,320842188
2025-09-24,0.429720014333725,0.4429079890251159,0.4241699874401092,0.432897001504898,282957740
2025-09-25,0.4068939983844757,0.4305390119552612,0.4007520079612732,0.429720014333725,583833829
2025-09-26,0.4251849949359894,0.4258109927177429,0.4031369984149933,0.4068950116634369,272066159
2025-09-27,0.4243200123310089,0.4297850131988525,0.4193350076675415,0.4251849949359894,116955538
2025-09-28,0.4303340017795563,0.4320720136165619,0.4096249938011169,0.4243200123310089,134695744
2025-09-29,0.4180499911308288,0.4303709864616394,0.4101090133190155,0.4303170144557953,192870878
2025-09-30,0.4213480055332184,0.4240829944610595,0.4042919874191284,0.4180450141429901,234965972
2025-10-01,0.435030996799469,0.4406839907169342,0.4165590107440948,0.4213489890098572,252859046
2025-10-02,0.4527859985828399,0.4564290046691894,0.4335249960422516,0.4350369870662689,308576111
2025-10-03,0.450340986251831,0.4600690007209778,0.4386920034885406,0.4527859985828399,298441033
2025-10-04,0.4343239963054657,0.4519700109958648,0.4273810088634491,0.450340986251831,188110667
2025-10-05,0.4322640001773834,0.4542129933834076,0.430756002664566,0.4343230128288269,227883669
2025-10-06,0.4567939937114715,0.4650000035762787,0.4283849895000458,0.4322640001773834,313052927
2025-10-07,0.4217909872531891,0.4617260098457336,0.4217030107975006,0.4567939937114715,338679006
2025-10-08,0.4348660111427307,0.439628005027771,0.4185140132904053,0.4218029975891113,219099346
2025-10-09,0.4180819988250732,0.4356060028076172,0.4084500074386596,0.4348660111427307,209888925
2025-10-10,0.2957609891891479,0.4307270050048828,0.1359509974718094,0.418080985546112,832916319
2025-10-11,0.3021160066127777,0.3272010087966919,0.2912620007991791,0.2958579957485199,538135272
2025-10-12,0.3353750109672546,0.3443819880485534,0.2970089912414551,0.3021140098571777,366850969
2025-10-13,0.3588910102844238,0.3616589903831482,0.3294019997119903,0.3353790044784546,449094518
2025-10-14,0.3432759940624237,0.3591020107269287,0.3253220021724701,0.3588869869709015,383591777
2025-10-15,0.3271209895610809,0.3496969938278198,0.3236129879951477,0.3432810008525848,256124849
2025-10-16,0.3158990144729614,0.3353109955787658,0.3114849925041199,0.3271209895610809,314467279
2025-10-17,0.3040179908275604,0.3191179931163788,0.2897979915142059,0.3158990144729614,304722684
2025-10-18,0.3093369901180267,0.3132010102272033,0.3039450049400329,0.3040190041065216,120456921
2025-10-19,0.3171490132808685,0.3222739994525909,0.3045249879360199,0.3093369901180267,165027292
2025-10-20,0.3223170042037964,0.3280969858169555,0.3107979893684387,0.3171490132808685,155943638
2025-10-21,0.3111949861049652,0.3349150121212005,0.3092800080776214,0.3223600089550018,229065133
2025-10-22,0.301488995552063,0.3127270042896271,0.2941350042819977,0.3111949861049652,204801472
2025-10-23,0.3140209913253784,0.3191930055618286,0.3002539873123169,0.301488995552063,139632014
2025-10-24,0.3201650083065033,0.3216679990291595,0.3123210072517395,0.3140209913253784,143422059
2025-10-25,0.3202239871025085,0.3222169876098633,0.3170779943466186,0.3201650083065033,83831503
2025-10-26,0.3347899913787842,0.3368299901485443,0.3145770132541656,0.3202280104160309,148882564
2025-10-27,0.3306100070476532,0.3506380021572113,0.3297579884529114,0.3347910046577453,222515892
2025-10-28,0.3154790103435516,0.3335829973220825,0.3099589943885803,0.3306100070476532,194558864
2025-10-29,0.3173919916152954,0.3284600079059601,0.3123840093612671,0.3154740035533905,205715150
2025-10-30,0.2899689972400665,0.3215740025043487,0.2798010110855102,0.3173849880695343,260143398
2025-10-31,0.2951579988002777,0.2997460067272186,0.2871420085430145,0.2899729907512665,152346433
2025-11-01,0.3067440092563629,0.3086290061473846,0.2938750088214874,0.2951599955558777,125917541
2025-11-02,0.3081330060958862,0.3134729862213135,0.2969329953193664,0.3067440092563629,141929769
2025-11-03,0.2611790001392364,0.3081350028514862,0.2564339935779571,0.3081279993057251,290443754
2025-11-04,0.2555710077285766,0.2713609933853149,0.2362940013408661,0.2611869871616363,357894410
2025-11-05,0.2704029977321625,0.2710779905319214,0.243706002831459,0.2555809915065765,206030767
2025-11-06,0.2640599906444549,0.2703660130500793,0.2545570135116577,0.270357996225357,193266612
2025-11-07,0.2989180088043213,0.3048189878463745,0.2637969851493835,0.2640599906444549,308327423
2025-11-08,0.2981660068035126,0.3124009966850281,0.2878769934177398,0.2989419996738434,200877210
2025-11-09,0.2992720007896423,0.3027220070362091,0.2852019965648651,0.2981660068035126,153495589
2025-11-10,0.3063229918479919,0.3115110099315643,0.2924869954586029,0.2992709875106811,193250080
2025-11-11,0.275644987821579,0.3119449913501739,0.2753680050373077,0.3063229918479919,217000800
2025-11-12,0.2590669989585876,0.2801350057125091,0.2573029994964599,0.2756269872188568,246907466
2025-11-13,0.2459499984979629,0.2697489857673645,0.239544004201889,0.2590569853782654,241709556
2025-11-14,0.2373369932174682,0.248322993516922,0.2317039966583252,0.2459490001201629,282714000
2025-11-15,0.241223007440567,0.2487889975309372,0.2372699975967407,0.2373380064964294,112004600
2025-11-16,0.235835000872612,0.2461960017681121,0.2291470021009445,0.2412170022726059,176184788
2025-11-17,0.2265869975090026,0.2415529936552047,0.2220669984817505,0.235835000872612,197981176
2025-11-18,0.2371719926595688,0.2397110015153885,0.2232680022716522,0.2266120016574859,192951353
2025-11-19,0.2292799949645996,0.2384620010852813,0.2180249989032745,0.2371730059385299,185904272
2025-11-20,0.214938998222351,0.2400439977645874,0.2117999941110611,0.2292799949645996,239989381
2025-11-21,0.2017350047826767,0.2192640006542205,0.1947930008172989,0.214941993355751,337224980
2025-11-22,0.2002270072698593,0.2039089947938919,0.1958130002021789,0.2017260044813156,139665978
2025-11-23,0.2007039934396743,0.2051880061626434,0.1990070044994354,0.2002280056476593,113496878
2025-11-24,0.2170999944210052,0.2210679948329925,0.2000319957733154,0.2007039934396743,194439891
2025-11-25,0.2161920070648193,0.2201240062713623,0.2097429931163787,0.2170950025320053,131464899
2025-11-26,0.2185370028018951,0.222689002752304,0.2089260071516037,0.2161920070648193,126863979
2025-11-27,0.2206919938325882,0.2245959937572479,0.2165610045194625,0.2185380011796951,101766050
2025-11-28,0.216849997639656,0.2244990020990371,0.2150840014219284,0.2206919938325882,112303049
2025-11-29,0.2145600020885467,0.2196380048990249,0.2128279954195022,0.216849997639656,69548191
2025-11-30,0.2113530039787292,0.2202289998531341,0.2113530039787292,0.2145680040121078,89883439
2025-12-01,0.193924993276596,0.2113489955663681,0.1866209954023361,0.2113489955663681,179396357
2025-12-02,0.2126149982213974,0.2171629965305328,0.1916999965906143,0.193924993276596,154688189
2025-12-03,0.2232040017843246,0.2246450036764145,0.2115270048379898,0.2126149982213974,134877437
2025-12-04,0.2159660011529922,0.2244710028171539,0.2134210020303726,0.2232140004634857,115002927
2025-12-05,0.2026599943637848,0.217521995306015,0.1992989927530288,0.2159660011529922,122908001
2025-12-06,0.2072750031948089,0.2092780023813247,0.1997780054807663,0.2026599943637848,80752206
2025-12-07,0.2041079998016357,0.2131090015172958,0.1990599930286407,0.2072750031948089,119756729
2025-12-08,0.2124390006065368,0.2155790030956268,0.2032680064439773,0.2041119933128357,117505799
2025-12-09,0.2226250022649765,0.2299360036849975,0.2094559967517852,0.2124419957399368,151072938
2025-12-10,0.2166610062122345,0.2294619977474212,0.2160159945487976,0.2226220071315765,141198584
2025-12-11,0.2125220000743866,0.2166420072317123,0.2027779966592788,0.2166420072317123,124795462
2025-12-12,0.2055640071630478,0.2163410037755966,0.1984249949455261,0.2125229984521865,117583655
2025-12-13,0.2153140008449554,0.218091994524002,0.2055660039186477,0.2055670022964477,78104183
2025-12-14,0.204817995429039,0.2181060016155243,0.2030239999294281,0.2153140008449554,97718875
2025-12-15,0.1971569955348968,0.2152239978313446,0.1911479979753494,0.204814001917839,163831893
2025-12-16,0.2001760005950927,0.2033070027828216,0.1919550001621246,0.197159007191658,124117369
2025-12-17,0.1844069957733154,0.2043039947748184,0.1828690022230148,0.2001830041408538,152347429
2025-12-18,0.1758619993925094,0.19302499294281,0.172322005033493,0.1844120025634765,165114173
2025-12-19,0.1924850046634674,0.1941370069980621,0.1736180037260055,0.1758639961481094,135113738
2025-12-20,0.1895820051431656,0.1937569975852966,0.1886519938707351,0.1924850046634674,70171039
2025-12-21,0.1859119981527328,0.1914079934358596,0.1829600036144256,0.1895820051431656,76509113
2025-12-22,0.1873349994421005,0.1924899965524673,0.1848549991846084,0.1859139949083328,96597446
2025-12-23,0.1907979995012283,0.1908009946346283,0.1811269968748092,0.1873349994421005,84362613
2025-12-24,0.187618002295494,0.1920340061187744,0.1824820041656494,0.1908269971609115,81036497
2025-12-25,0.1843180060386657,0.1914010047912597,0.1839919984340667,0.187609001994133,83980786
2025-12-26,0.1915400028228759,0.1934140026569366,0.183460995554924,0.1843219995498657,88209729
2025-12-27,0.1969610005617141,0.1969610005617141,0.1905149966478347,0.1915410012006759,61360547
2025-12-28,0.1947419941425323,0.1987590044736862,0.1926400065422058,0.1969680041074752,52875155
2025-12-29,0.1901170015335083,0.1991820037364959,0.1893260031938552,0.1947419941425323,91711514
2025-12-30,0.1908019930124282,0.1943220049142837,0.1887889951467514,0.1901170015335083,66725856
2025-12-31,0.1866029947996139,0.1923480033874511,0.1842419952154159,0.1908050030469894,62533662
2026-01-01,0.2006489932537078,0.2013089954853058,0.1849409937858581,0.1866029947996139,75084533
2026-01-02,0.208529993891716,0.2091639935970306,0.1991489976644516,0.200655996799469,103483736
2026-01-03,0.2091300040483474,0.2112690061330795,0.2042780071496963,0.2085350006818771,64181406
2026-01-04,0.2158720046281814,0.218189001083374,0.2089709937572479,0.2091300040483474,94253394
2026-01-05,0.2186761051416397,0.2192438393831253,0.211536705493927,0.2159424275159835,121122352
